nom,date,cumulative_confirmed_cases,cumulative_confirmed_deaths,cases,deaths,tar_group
Aru,2026-05-14,0,0,0,0,1
Aru,2026-05-15,0,0,0,0,1
Aru,2026-05-16,0,0,0,0,1
Aru,2026-05-17,0,0,0,0,1
Aru,2026-05-18,0,0,0,0,1
Aru,2026-05-19,0,0,0,0,1
Aru,2026-05-20,0,0,0,0,1
Aru,2026-05-21,0,0,0,0,1
Aru,2026-05-22,1,0,1,0,1
Aru,2026-05-23,1,0,0,0,1
Aru,2026-05-24,1,0,0,0,1
Aru,2026-05-25,1,0,0,0,1
Aru,2026-05-26,1,0,0,0,1
Aru,2026-05-27,1,0,0,0,1
Aru,2026-05-28,2,1,1,1,1
Aru,2026-05-29,2,1,0,0,1
Aru,2026-05-30,2,1,0,0,1
Aru,2026-05-31,2,1,0,0,1
Aru,2026-06-01,2,1,0,0,1
Aru,2026-06-02,2,1,0,0,1
Aru,2026-06-03,2,1,0,0,1
Aru,2026-06-04,3,1,1,0,1
Aru,2026-06-05,3,1,0,0,1
Aru,2026-06-06,3,1,0,0,1
Aru,2026-06-07,3,1,0,0,1
Aru,2026-06-08,3,1,0,0,1
Aru,2026-06-09,3,1,0,0,1
Aru,2026-06-10,3,1,0,0,1
Aru,2026-06-11,3,1,0,0,1
Aru,2026-06-12,3,1,0,0,1
Aru,2026-06-13,3,1,0,0,1
Aru,2026-06-14,3,1,0,0,1
Aru,2026-06-15,3,1,0,0,1
Aru,2026-06-16,3,1,0,0,1
Aru,2026-06-17,3,1,0,0,1
Aru,2026-06-18,3,1,0,0,1
Aru,2026-06-19,3,1,0,0,1
Aru,2026-06-20,3,1,0,0,1
Aru,2026-06-21,3,1,0,0,1
Aru,2026-06-22,3,1,0,0,1
Aru,2026-06-23,3,1,0,0,1
Aru,2026-06-24,3,1,0,0,1
Aru,2026-06-25,3,1,0,0,1
Aru,2026-06-26,3,1,0,0,1
Aru,2026-06-27,3,1,0,0,1
Aru,2026-06-28,3,1,0,0,1
Aru,2026-06-29,3,1,0,0,1
Aru,2026-06-30,3,1,0,0,1
Aru,2026-07-01,3,1,0,0,1
Aru,2026-07-02,3,1,0,0,1
Aru,2026-07-03,3,1,0,0,1
Aungba,2026-05-14,0,0,0,0,2
Aungba,2026-05-15,0,0,0,0,2
Aungba,2026-05-16,0,0,0,0,2
Aungba,2026-05-17,0,0,0,0,2
Aungba,2026-05-18,0,0,0,0,2
Aungba,2026-05-19,0,0,0,0,2
Aungba,2026-05-20,0,0,0,0,2
Aungba,2026-05-21,0,0,0,0,2
Aungba,2026-05-22,0,0,0,0,2
Aungba,2026-05-23,0,0,0,0,2
Aungba,2026-05-24,0,0,0,0,2
Aungba,2026-05-25,0,0,0,0,2
Aungba,2026-05-26,0,0,0,0,2
Aungba,2026-05-27,0,0,0,0,2
Aungba,2026-05-28,1,0,1,0,2
Aungba,2026-05-29,1,0,0,0,2
Aungba,2026-05-30,1,0,0,0,2
Aungba,2026-05-31,1,0,0,0,2
Aungba,2026-06-01,1,0,0,0,2
Aungba,2026-06-02,1,0,0,0,2
Aungba,2026-06-03,1,0,0,0,2
Aungba,2026-06-04,1,0,0,0,2
Aungba,2026-06-05,1,0,0,0,2
Aungba,2026-06-06,1,0,0,0,2
Aungba,2026-06-07,1,0,0,0,2
Aungba,2026-06-08,2,1,1,1,2
Aungba,2026-06-09,2,1,0,0,2
Aungba,2026-06-10,2,1,0,0,2
Aungba,2026-06-11,2,1,0,0,2
Aungba,2026-06-12,2,1,0,0,2
Aungba,2026-06-13,2,1,0,0,2
Aungba,2026-06-14,2,1,0,0,2
Aungba,2026-06-15,2,1,0,0,2
Aungba,2026-06-16,2,1,0,0,2
Aungba,2026-06-17,4,1,2,0,2
Aungba,2026-06-18,6,2,2,1,2
Aungba,2026-06-19,6,2,0,0,2
Aungba,2026-06-20,6,2,0,0,2
Aungba,2026-06-21,6,2,0,0,2
Aungba,2026-06-22,6,2,0,0,2
Aungba,2026-06-23,6,2,0,0,2
Aungba,2026-06-24,6,2,0,0,2
Aungba,2026-06-25,6,2,0,0,2
Aungba,2026-06-26,6,2,0,0,2
Aungba,2026-06-27,6,2,0,0,2
Aungba,2026-06-28,6,2,0,0,2
Aungba,2026-06-29,6,2,0,0,2
Aungba,2026-06-30,6,2,0,0,2
Aungba,2026-07-01,6,2,0,0,2
Aungba,2026-07-02,6,2,0,0,2
Aungba,2026-07-03,6,2,0,0,2
Bambu,2026-05-14,0,0,0,0,3
Bambu,2026-05-15,0,0,0,0,3
Bambu,2026-05-16,0,0,0,0,3
Bambu,2026-05-17,0,0,0,0,3
Bambu,2026-05-18,0,0,0,0,3
Bambu,2026-05-19,0,0,0,0,3
Bambu,2026-05-20,1,0,0,0,3
Bambu,2026-05-21,1,0,0,0,3
Bambu,2026-05-22,1,0,0,0,3
Bambu,2026-05-23,0,0,0,0,3
Bambu,2026-05-24,2,0,0,0,3
Bambu,2026-05-25,0,0,0,0,3
Bambu,2026-05-26,0,0,0,0,3
Bambu,2026-05-27,0,0,0,0,3
Bambu,2026-05-28,2,2,2,2,3
Bambu,2026-05-29,2,2,0,0,3
Bambu,2026-05-30,2,2,0,0,3
Bambu,2026-05-31,2,2,0,0,3
Bambu,2026-06-01,2,2,0,0,3
Bambu,2026-06-02,2,2,0,0,3
Bambu,2026-06-03,2,2,0,0,3
Bambu,2026-06-04,5,2,3,0,3
Bambu,2026-06-05,5,2,0,0,3
Bambu,2026-06-06,5,2,0,0,3
Bambu,2026-06-07,5,2,0,0,3
Bambu,2026-06-08,5,2,0,0,3
Bambu,2026-06-09,5,2,0,0,3
Bambu,2026-06-10,7,2,2,0,3
Bambu,2026-06-11,7,2,0,0,3
Bambu,2026-06-12,7,2,0,0,3
Bambu,2026-06-13,7,2,0,0,3
Bambu,2026-06-14,7,2,0,0,3
Bambu,2026-06-15,7,2,0,0,3
Bambu,2026-06-16,7,2,0,0,3
Bambu,2026-06-17,9,2,2,0,3
Bambu,2026-06-18,9,2,0,0,3
Bambu,2026-06-19,9,2,0,0,3
Bambu,2026-06-20,14,2,5,0,3
Bambu,2026-06-21,14,2,0,0,3
Bambu,2026-06-22,14,2,0,0,3
Bambu,2026-06-23,14,2,0,0,3
Bambu,2026-06-24,14,2,0,0,3
Bambu,2026-06-25,14,3,0,1,3
Bambu,2026-06-26,14,3,0,0,3
Bambu,2026-06-27,14,3,0,0,3
Bambu,2026-06-28,14,3,0,0,3
Bambu,2026-06-29,16,4,2,1,3
Bambu,2026-06-30,16,5,0,1,3
Bambu,2026-07-01,16,5,0,0,3
Bambu,2026-07-02,18,5,2,0,3
Bambu,2026-07-03,18,5,0,0,3
Beni,2026-05-14,0,0,0,0,4
Beni,2026-05-15,0,0,0,0,4
Beni,2026-05-16,0,0,0,0,4
Beni,2026-05-17,0,0,0,0,4
Beni,2026-05-18,0,0,0,0,4
Beni,2026-05-19,0,0,0,0,4
Beni,2026-05-20,0,0,0,0,4
Beni,2026-05-21,0,0,0,0,4
Beni,2026-05-22,0,0,0,0,4
Beni,2026-05-23,0,0,0,0,4
Beni,2026-05-24,0,0,0,0,4
Beni,2026-05-25,0,0,0,0,4
Beni,2026-05-26,0,0,0,0,4
Beni,2026-05-27,0,0,0,0,4
Beni,2026-05-28,2,0,2,0,4
Beni,2026-05-29,2,0,0,0,4
Beni,2026-05-30,2,0,0,0,4
Beni,2026-05-31,2,0,0,0,4
Beni,2026-06-01,5,3,3,3,4
Beni,2026-06-02,5,3,0,0,4
Beni,2026-06-03,5,3,0,0,4
Beni,2026-06-04,5,3,0,0,4
Beni,2026-06-05,5,3,0,0,4
Beni,2026-06-06,5,3,0,0,4
Beni,2026-06-07,9,7,4,2,4
Beni,2026-06-08,9,7,0,0,4
Beni,2026-06-09,9,7,0,0,4
Beni,2026-06-10,9,7,0,0,4
Beni,2026-06-11,9,5,0,0,4
Beni,2026-06-12,9,5,0,0,4
Beni,2026-06-13,14,10,5,5,4
Beni,2026-06-14,14,10,0,0,4
Beni,2026-06-15,14,10,0,0,4
Beni,2026-06-16,14,10,0,0,4
Beni,2026-06-17,15,12,1,2,4
Beni,2026-06-18,16,12,1,0,4
Beni,2026-06-19,16,12,0,0,4
Beni,2026-06-20,17,12,1,0,4
Beni,2026-06-21,18,12,1,0,4
Beni,2026-06-22,20,12,2,0,4
Beni,2026-06-23,20,12,0,0,4
Beni,2026-06-24,20,12,0,0,4
Beni,2026-06-25,22,13,2,1,4
Beni,2026-06-26,22,13,0,0,4
Beni,2026-06-27,22,13,0,0,4
Beni,2026-06-28,22,13,0,0,4
Beni,2026-06-29,22,14,0,1,4
Beni,2026-06-30,24,15,2,1,4
Beni,2026-07-01,26,15,2,0,4
Beni,2026-07-02,28,16,2,1,4
Beni,2026-07-03,29,17,1,1,4
Bunia,2026-05-14,0,0,0,0,5
Bunia,2026-05-15,0,0,0,0,5
Bunia,2026-05-16,0,0,0,0,5
Bunia,2026-05-17,0,0,0,0,5
Bunia,2026-05-18,6,0,6,0,5
Bunia,2026-05-19,6,0,0,0,5
Bunia,2026-05-20,11,0,5,0,5
Bunia,2026-05-21,15,1,4,1,5
Bunia,2026-05-22,23,2,8,1,5
Bunia,2026-05-23,24,2,1,0,5
Bunia,2026-05-24,24,2,0,0,5
Bunia,2026-05-25,24,2,0,0,5
Bunia,2026-05-26,36,2,12,0,5
Bunia,2026-05-27,37,2,1,0,5
Bunia,2026-05-28,80,8,43,6,5
Bunia,2026-05-29,80,8,0,0,5
Bunia,2026-05-30,80,8,0,0,5
Bunia,2026-05-31,80,8,0,0,5
Bunia,2026-06-01,80,8,0,0,5
Bunia,2026-06-02,85,8,5,0,5
Bunia,2026-06-03,97,9,12,1,5
Bunia,2026-06-04,123,11,26,2,5
Bunia,2026-06-05,138,14,15,3,5
Bunia,2026-06-06,142,14,4,0,5
Bunia,2026-06-07,152,15,10,1,5
Bunia,2026-06-08,163,15,11,0,5
Bunia,2026-06-09,173,15,10,0,5
Bunia,2026-06-10,185,17,12,2,5
Bunia,2026-06-11,191,17,6,0,5
Bunia,2026-06-12,191,17,0,0,5
Bunia,2026-06-13,212,20,21,3,5
Bunia,2026-06-14,215,20,3,0,5
Bunia,2026-06-15,215,20,0,0,5
Bunia,2026-06-16,226,20,11,0,5
Bunia,2026-06-17,247,41,21,21,5
Bunia,2026-06-18,253,42,6,1,5
Bunia,2026-06-19,259,42,6,0,5
Bunia,2026-06-20,275,44,16,2,5
Bunia,2026-06-21,285,45,10,1,5
Bunia,2026-06-22,296,48,11,3,5
Bunia,2026-06-23,304,54,8,6,5
Bunia,2026-06-24,314,60,10,6,5
Bunia,2026-06-25,323,64,9,4,5
Bunia,2026-06-26,323,64,0,0,5
Bunia,2026-06-27,323,64,0,0,5
Bunia,2026-06-28,323,64,0,0,5
Bunia,2026-06-29,358,82,35,18,5
Bunia,2026-06-30,387,94,29,12,5
Bunia,2026-07-01,416,103,29,9,5
Bunia,2026-07-02,426,106,10,3,5
Bunia,2026-07-03,431,112,5,6,5
Butembo,2026-05-14,0,0,0,0,6
Butembo,2026-05-15,0,0,0,0,6
Butembo,2026-05-16,0,0,0,0,6
Butembo,2026-05-17,0,0,0,0,6
Butembo,2026-05-18,1,0,1,0,6
Butembo,2026-05-19,1,0,0,0,6
Butembo,2026-05-20,1,0,0,0,6
Butembo,2026-05-21,2,0,0,0,6
Butembo,2026-05-22,2,0,0,0,6
Butembo,2026-05-23,1,0,0,0,6
Butembo,2026-05-24,3,0,1,0,6
Butembo,2026-05-25,3,0,0,0,6
Butembo,2026-05-26,3,0,0,0,6
Butembo,2026-05-27,5,0,0,0,6
Butembo,2026-05-28,5,2,0,2,6
Butembo,2026-05-29,5,2,0,0,6
Butembo,2026-05-30,5,2,0,0,6
Butembo,2026-05-31,5,2,0,0,6
Butembo,2026-06-01,2,2,0,0,6
Butembo,2026-06-02,2,2,0,0,6
Butembo,2026-06-03,2,2,0,0,6
Butembo,2026-06-04,4,2,2,0,6
Butembo,2026-06-05,4,2,0,0,6
Butembo,2026-06-06,4,2,0,0,6
Butembo,2026-06-07,4,2,0,0,6
Butembo,2026-06-08,6,4,2,2,6
Butembo,2026-06-09,6,4,0,0,6
Butembo,2026-06-10,9,5,1,1,6
Butembo,2026-06-11,7,5,0,0,6
Butembo,2026-06-12,7,5,0,0,6
Butembo,2026-06-13,18,7,11,2,6
Butembo,2026-06-14,19,7,1,0,6
Butembo,2026-06-15,19,7,0,0,6
Butembo,2026-06-16,24,7,5,0,6
Butembo,2026-06-17,25,11,1,4,6
Butembo,2026-06-18,25,11,0,0,6
Butembo,2026-06-19,25,11,0,0,6
Butembo,2026-06-20,27,13,2,2,6
Butembo,2026-06-21,28,13,1,0,6
Butembo,2026-06-22,28,13,0,0,6
Butembo,2026-06-23,29,13,1,0,6
Butembo,2026-06-24,31,13,2,0,6
Butembo,2026-06-25,33,14,2,1,6
Butembo,2026-06-26,33,14,0,0,6
Butembo,2026-06-27,33,14,0,0,6
Butembo,2026-06-28,33,14,0,0,6
Butembo,2026-06-29,34,14,1,0,6
Butembo,2026-06-30,34,15,0,1,6
Butembo,2026-07-01,34,15,0,0,6
Butembo,2026-07-02,38,16,4,1,6
Butembo,2026-07-03,40,18,2,2,6
Damas,2026-05-14,0,0,0,0,7
Damas,2026-05-15,0,0,0,0,7
Damas,2026-05-16,0,0,0,0,7
Damas,2026-05-17,0,0,0,0,7
Damas,2026-05-18,0,0,0,0,7
Damas,2026-05-19,0,0,0,0,7
Damas,2026-05-20,0,0,0,0,7
Damas,2026-05-21,0,0,0,0,7
Damas,2026-05-22,0,0,0,0,7
Damas,2026-05-23,0,0,0,0,7
Damas,2026-05-24,0,0,0,0,7
Damas,2026-05-25,0,0,0,0,7
Damas,2026-05-26,0,0,0,0,7
Damas,2026-05-27,0,0,0,0,7
Damas,2026-05-28,1,0,1,0,7
Damas,2026-05-29,1,0,0,0,7
Damas,2026-05-30,1,0,0,0,7
Damas,2026-05-31,1,0,0,0,7
Damas,2026-06-01,1,0,0,0,7
Damas,2026-06-02,2,0,1,0,7
Damas,2026-06-03,3,0,1,0,7
Damas,2026-06-04,3,0,0,0,7
Damas,2026-06-05,3,0,0,0,7
Damas,2026-06-06,3,0,0,0,7
Damas,2026-06-07,3,0,0,0,7
Damas,2026-06-08,3,0,0,0,7
Damas,2026-06-09,3,0,0,0,7
Damas,2026-06-10,3,0,0,0,7
Damas,2026-06-11,3,0,0,0,7
Damas,2026-06-12,3,0,0,0,7
Damas,2026-06-13,4,0,1,0,7
Damas,2026-06-14,4,0,0,0,7
Damas,2026-06-15,4,0,0,0,7
Damas,2026-06-16,4,0,0,0,7
Damas,2026-06-17,4,0,0,0,7
Damas,2026-06-18,4,0,0,0,7
Damas,2026-06-19,4,0,0,0,7
Damas,2026-06-20,4,0,0,0,7
Damas,2026-06-21,4,0,0,0,7
Damas,2026-06-22,4,0,0,0,7
Damas,2026-06-23,4,0,0,0,7
Damas,2026-06-24,4,0,0,0,7
Damas,2026-06-25,4,0,0,0,7
Damas,2026-06-26,4,0,0,0,7
Damas,2026-06-27,4,0,0,0,7
Damas,2026-06-28,4,0,0,0,7
Damas,2026-06-29,5,0,1,0,7
Damas,2026-06-30,5,0,0,0,7
Damas,2026-07-01,5,0,0,0,7
Damas,2026-07-02,5,0,0,0,7
Damas,2026-07-03,5,0,0,0,7
Drodro,2026-05-14,0,0,0,0,8
Drodro,2026-05-15,0,0,0,0,8
Drodro,2026-05-16,0,0,0,0,8
Drodro,2026-05-17,0,0,0,0,8
Drodro,2026-05-18,0,0,0,0,8
Drodro,2026-05-19,0,0,0,0,8
Drodro,2026-05-20,0,0,0,0,8
Drodro,2026-05-21,0,0,0,0,8
Drodro,2026-05-22,0,0,0,0,8
Drodro,2026-05-23,0,0,0,0,8
Drodro,2026-05-24,0,0,0,0,8
Drodro,2026-05-25,0,0,0,0,8
Drodro,2026-05-26,0,0,0,0,8
Drodro,2026-05-27,0,0,0,0,8
Drodro,2026-05-28,0,0,0,0,8
Drodro,2026-05-29,0,0,0,0,8
Drodro,2026-05-30,0,0,0,0,8
Drodro,2026-05-31,0,0,0,0,8
Drodro,2026-06-01,0,0,0,0,8
Drodro,2026-06-02,0,0,0,0,8
Drodro,2026-06-03,0,0,0,0,8
Drodro,2026-06-04,0,0,0,0,8
Drodro,2026-06-05,0,0,0,0,8
Drodro,2026-06-06,0,0,0,0,8
Drodro,2026-06-07,0,0,0,0,8
Drodro,2026-06-08,0,0,0,0,8
Drodro,2026-06-09,0,0,0,0,8
Drodro,2026-06-10,0,0,0,0,8
Drodro,2026-06-11,0,0,0,0,8
Drodro,2026-06-12,0,0,0,0,8
Drodro,2026-06-13,0,0,0,0,8
Drodro,2026-06-14,0,0,0,0,8
Drodro,2026-06-15,0,0,0,0,8
Drodro,2026-06-16,0,0,0,0,8
Drodro,2026-06-17,1,1,1,1,8
Drodro,2026-06-18,1,1,0,0,8
Drodro,2026-06-19,1,1,0,0,8
Drodro,2026-06-20,1,1,0,0,8
Drodro,2026-06-21,1,1,0,0,8
Drodro,2026-06-22,1,1,0,0,8
Drodro,2026-06-23,1,1,0,0,8
Drodro,2026-06-24,1,1,0,0,8
Drodro,2026-06-25,1,1,0,0,8
Drodro,2026-06-26,1,1,0,0,8
Drodro,2026-06-27,1,1,0,0,8
Drodro,2026-06-28,1,1,0,0,8
Drodro,2026-06-29,3,3,2,2,8
Drodro,2026-06-30,3,3,0,0,8
Drodro,2026-07-01,3,3,0,0,8
Drodro,2026-07-02,3,3,0,0,8
Drodro,2026-07-03,3,3,0,0,8
Fataki,2026-05-14,0,0,0,0,9
Fataki,2026-05-15,0,0,0,0,9
Fataki,2026-05-16,0,0,0,0,9
Fataki,2026-05-17,0,0,0,0,9
Fataki,2026-05-18,0,0,0,0,9
Fataki,2026-05-19,0,0,0,0,9
Fataki,2026-05-20,0,0,0,0,9
Fataki,2026-05-21,0,0,0,0,9
Fataki,2026-05-22,0,0,0,0,9
Fataki,2026-05-23,0,0,0,0,9
Fataki,2026-05-24,0,0,0,0,9
Fataki,2026-05-25,0,0,0,0,9
Fataki,2026-05-26,0,0,0,0,9
Fataki,2026-05-27,0,0,0,0,9
Fataki,2026-05-28,0,0,0,0,9
Fataki,2026-05-29,0,0,0,0,9
Fataki,2026-05-30,0,0,0,0,9
Fataki,2026-05-31,0,0,0,0,9
Fataki,2026-06-01,0,0,0,0,9
Fataki,2026-06-02,0,0,0,0,9
Fataki,2026-06-03,0,0,0,0,9
Fataki,2026-06-04,0,0,0,0,9
Fataki,2026-06-05,0,0,0,0,9
Fataki,2026-06-06,0,0,0,0,9
Fataki,2026-06-07,0,0,0,0,9
Fataki,2026-06-08,0,0,0,0,9
Fataki,2026-06-09,0,0,0,0,9
Fataki,2026-06-10,0,0,0,0,9
Fataki,2026-06-11,0,0,0,0,9
Fataki,2026-06-12,0,0,0,0,9
Fataki,2026-06-13,0,0,0,0,9
Fataki,2026-06-14,0,0,0,0,9
Fataki,2026-06-15,0,0,0,0,9
Fataki,2026-06-16,1,0,1,0,9
Fataki,2026-06-17,1,0,0,0,9
Fataki,2026-06-18,1,0,0,0,9
Fataki,2026-06-19,1,0,0,0,9
Fataki,2026-06-20,1,0,0,0,9
Fataki,2026-06-21,1,0,0,0,9
Fataki,2026-06-22,1,0,0,0,9
Fataki,2026-06-23,1,0,0,0,9
Fataki,2026-06-24,1,0,0,0,9
Fataki,2026-06-25,1,0,0,0,9
Fataki,2026-06-26,1,0,0,0,9
Fataki,2026-06-27,1,0,0,0,9
Fataki,2026-06-28,1,0,0,0,9
Fataki,2026-06-29,1,0,0,0,9
Fataki,2026-06-30,1,0,0,0,9
Fataki,2026-07-01,1,0,0,0,9
Fataki,2026-07-02,1,0,0,0,9
Fataki,2026-07-03,1,0,0,0,9
Gethy,2026-05-14,0,0,0,0,10
Gethy,2026-05-15,0,0,0,0,10
Gethy,2026-05-16,0,0,0,0,10
Gethy,2026-05-17,0,0,0,0,10
Gethy,2026-05-18,0,0,0,0,10
Gethy,2026-05-19,0,0,0,0,10
Gethy,2026-05-20,0,0,0,0,10
Gethy,2026-05-21,0,0,0,0,10
Gethy,2026-05-22,0,0,0,0,10
Gethy,2026-05-23,0,0,0,0,10
Gethy,2026-05-24,0,0,0,0,10
Gethy,2026-05-25,0,0,0,0,10
Gethy,2026-05-26,0,0,0,0,10
Gethy,2026-05-27,0,0,0,0,10
Gethy,2026-05-28,1,0,1,0,10
Gethy,2026-05-29,1,0,0,0,10
Gethy,2026-05-30,1,0,0,0,10
Gethy,2026-05-31,1,0,0,0,10
Gethy,2026-06-01,1,0,0,0,10
Gethy,2026-06-02,1,0,0,0,10
Gethy,2026-06-03,1,0,0,0,10
Gethy,2026-06-04,1,0,0,0,10
Gethy,2026-06-05,1,0,0,0,10
Gethy,2026-06-06,1,0,0,0,10
Gethy,2026-06-07,1,0,0,0,10
Gethy,2026-06-08,1,0,0,0,10
Gethy,2026-06-09,1,0,0,0,10
Gethy,2026-06-10,1,0,0,0,10
Gethy,2026-06-11,1,0,0,0,10
Gethy,2026-06-12,1,0,0,0,10
Gethy,2026-06-13,1,0,0,0,10
Gethy,2026-06-14,1,0,0,0,10
Gethy,2026-06-15,1,0,0,0,10
Gethy,2026-06-16,1,0,0,0,10
Gethy,2026-06-17,1,0,0,0,10
Gethy,2026-06-18,1,0,0,0,10
Gethy,2026-06-19,1,0,0,0,10
Gethy,2026-06-20,1,0,0,0,10
Gethy,2026-06-21,1,0,0,0,10
Gethy,2026-06-22,1,0,0,0,10
Gethy,2026-06-23,1,0,0,0,10
Gethy,2026-06-24,1,0,0,0,10
Gethy,2026-06-25,1,0,0,0,10
Gethy,2026-06-26,1,0,0,0,10
Gethy,2026-06-27,1,0,0,0,10
Gethy,2026-06-28,1,0,0,0,10
Gethy,2026-06-29,1,0,0,0,10
Gethy,2026-06-30,1,0,0,0,10
Gethy,2026-07-01,1,0,0,0,10
Gethy,2026-07-02,1,0,0,0,10
Gethy,2026-07-03,1,0,0,0,10
Gety,2026-05-14,0,0,0,0,11
Gety,2026-05-15,0,0,0,0,11
Gety,2026-05-16,0,0,0,0,11
Gety,2026-05-17,0,0,0,0,11
Gety,2026-05-18,0,0,0,0,11
Gety,2026-05-19,0,0,0,0,11
Gety,2026-05-20,0,0,0,0,11
Gety,2026-05-21,0,0,0,0,11
Gety,2026-05-22,0,0,0,0,11
Gety,2026-05-23,0,0,0,0,11
Gety,2026-05-24,0,0,0,0,11
Gety,2026-05-25,0,0,0,0,11
Gety,2026-05-26,0,0,0,0,11
Gety,2026-05-27,0,0,0,0,11
Gety,2026-05-28,0,0,0,0,11
Gety,2026-05-29,0,0,0,0,11
Gety,2026-05-30,0,0,0,0,11
Gety,2026-05-31,0,0,0,0,11
Gety,2026-06-01,0,0,0,0,11
Gety,2026-06-02,1,0,1,0,11
Gety,2026-06-03,1,0,0,0,11
Gety,2026-06-04,1,0,0,0,11
Gety,2026-06-05,1,0,0,0,11
Gety,2026-06-06,1,0,0,0,11
Gety,2026-06-07,1,0,0,0,11
Gety,2026-06-08,1,0,0,0,11
Gety,2026-06-09,1,0,0,0,11
Gety,2026-06-10,1,0,0,0,11
Gety,2026-06-11,1,0,0,0,11
Gety,2026-06-12,1,0,0,0,11
Gety,2026-06-13,1,0,0,0,11
Gety,2026-06-14,1,0,0,0,11
Gety,2026-06-15,1,0,0,0,11
Gety,2026-06-16,1,0,0,0,11
Gety,2026-06-17,1,0,0,0,11
Gety,2026-06-18,1,0,0,0,11
Gety,2026-06-19,1,0,0,0,11
Gety,2026-06-20,1,0,0,0,11
Gety,2026-06-21,1,0,0,0,11
Gety,2026-06-22,1,0,0,0,11
Gety,2026-06-23,1,0,0,0,11
Gety,2026-06-24,1,0,0,0,11
Gety,2026-06-25,1,0,0,0,11
Gety,2026-06-26,1,0,0,0,11
Gety,2026-06-27,1,0,0,0,11
Gety,2026-06-28,1,0,0,0,11
Gety,2026-06-29,1,0,0,0,11
Gety,2026-06-30,1,0,0,0,11
Gety,2026-07-01,1,0,0,0,11
Gety,2026-07-02,1,0,0,0,11
Gety,2026-07-03,1,0,0,0,11
Goma,2026-05-14,0,0,0,0,12
Goma,2026-05-15,0,0,0,0,12
Goma,2026-05-16,0,0,0,0,12
Goma,2026-05-17,0,0,0,0,12
Goma,2026-05-18,1,0,1,0,12
Goma,2026-05-19,1,0,0,0,12
Goma,2026-05-20,1,0,0,0,12
Goma,2026-05-21,1,0,0,0,12
Goma,2026-05-22,1,0,0,0,12
Goma,2026-05-23,1,0,0,0,12
Goma,2026-05-24,1,0,0,0,12
Goma,2026-05-25,1,0,0,0,12
Goma,2026-05-26,1,0,0,0,12
Goma,2026-05-27,1,0,0,0,12
Goma,2026-05-28,1,0,0,0,12
Goma,2026-05-29,1,0,0,0,12
Goma,2026-05-30,1,0,0,0,12
Goma,2026-05-31,1,0,0,0,12
Goma,2026-06-01,1,0,0,0,12
Goma,2026-06-02,1,0,0,0,12
Goma,2026-06-03,1,0,0,0,12
Goma,2026-06-04,1,0,0,0,12
Goma,2026-06-05,1,0,0,0,12
Goma,2026-06-06,1,0,0,0,12
Goma,2026-06-07,1,0,0,0,12
Goma,2026-06-08,1,0,0,0,12
Goma,2026-06-09,1,0,0,0,12
Goma,2026-06-10,1,0,0,0,12
Goma,2026-06-11,1,1,0,0,12
Goma,2026-06-12,1,1,0,0,12
Goma,2026-06-13,1,0,0,0,12
Goma,2026-06-14,1,0,0,0,12
Goma,2026-06-15,1,0,0,0,12
Goma,2026-06-16,1,0,0,0,12
Goma,2026-06-17,1,0,0,0,12
Goma,2026-06-18,1,0,0,0,12
Goma,2026-06-19,1,0,0,0,12
Goma,2026-06-20,1,0,0,0,12
Goma,2026-06-21,1,0,0,0,12
Goma,2026-06-22,1,0,0,0,12
Goma,2026-06-23,1,0,0,0,12
Goma,2026-06-24,1,0,0,0,12
Goma,2026-06-25,1,0,0,0,12
Goma,2026-06-26,1,0,0,0,12
Goma,2026-06-27,1,0,0,0,12
Goma,2026-06-28,1,0,0,0,12
Goma,2026-06-29,1,0,0,0,12
Goma,2026-06-30,1,0,0,0,12
Goma,2026-07-01,1,0,0,0,12
Goma,2026-07-02,2,0,0,0,12
Goma,2026-07-03,1,0,0,0,12
Jiba,2026-05-14,0,0,0,0,13
Jiba,2026-05-15,0,0,0,0,13
Jiba,2026-05-16,0,0,0,0,13
Jiba,2026-05-17,0,0,0,0,13
Jiba,2026-05-18,0,0,0,0,13
Jiba,2026-05-19,0,0,0,0,13
Jiba,2026-05-20,0,0,0,0,13
Jiba,2026-05-21,0,0,0,0,13
Jiba,2026-05-22,0,0,0,0,13
Jiba,2026-05-23,0,0,0,0,13
Jiba,2026-05-24,0,0,0,0,13
Jiba,2026-05-25,0,0,0,0,13
Jiba,2026-05-26,0,0,0,0,13
Jiba,2026-05-27,0,0,0,0,13
Jiba,2026-05-28,0,0,0,0,13
Jiba,2026-05-29,0,0,0,0,13
Jiba,2026-05-30,0,0,0,0,13
Jiba,2026-05-31,0,0,0,0,13
Jiba,2026-06-01,0,0,0,0,13
Jiba,2026-06-02,0,0,0,0,13
Jiba,2026-06-03,0,0,0,0,13
Jiba,2026-06-04,0,0,0,0,13
Jiba,2026-06-05,0,0,0,0,13
Jiba,2026-06-06,0,0,0,0,13
Jiba,2026-06-07,0,0,0,0,13
Jiba,2026-06-08,0,0,0,0,13
Jiba,2026-06-09,0,0,0,0,13
Jiba,2026-06-10,0,0,0,0,13
Jiba,2026-06-11,0,0,0,0,13
Jiba,2026-06-12,0,0,0,0,13
Jiba,2026-06-13,0,0,0,0,13
Jiba,2026-06-14,0,0,0,0,13
Jiba,2026-06-15,0,0,0,0,13
Jiba,2026-06-16,0,0,0,0,13
Jiba,2026-06-17,0,0,0,0,13
Jiba,2026-06-18,0,0,0,0,13
Jiba,2026-06-19,0,0,0,0,13
Jiba,2026-06-20,0,0,0,0,13
Jiba,2026-06-21,0,0,0,0,13
Jiba,2026-06-22,0,0,0,0,13
Jiba,2026-06-23,0,0,0,0,13
Jiba,2026-06-24,0,0,0,0,13
Jiba,2026-06-25,0,0,0,0,13
Jiba,2026-06-26,0,0,0,0,13
Jiba,2026-06-27,0,0,0,0,13
Jiba,2026-06-28,0,0,0,0,13
Jiba,2026-06-29,0,0,0,0,13
Jiba,2026-06-30,0,0,0,0,13
Jiba,2026-07-01,0,0,0,0,13
Jiba,2026-07-02,0,0,0,0,13
Jiba,2026-07-03,0,0,0,0,13
Kalunguta,2026-05-14,0,0,0,0,14
Kalunguta,2026-05-15,0,0,0,0,14
Kalunguta,2026-05-16,0,0,0,0,14
Kalunguta,2026-05-17,0,0,0,0,14
Kalunguta,2026-05-18,0,0,0,0,14
Kalunguta,2026-05-19,0,0,0,0,14
Kalunguta,2026-05-20,0,0,0,0,14
Kalunguta,2026-05-21,0,0,0,0,14
Kalunguta,2026-05-22,0,0,0,0,14
Kalunguta,2026-05-23,0,0,0,0,14
Kalunguta,2026-05-24,1,0,1,0,14
Kalunguta,2026-05-25,1,0,0,0,14
Kalunguta,2026-05-26,1,0,0,0,14
Kalunguta,2026-05-27,2,0,0,0,14
Kalunguta,2026-05-28,1,1,0,1,14
Kalunguta,2026-05-29,1,1,0,0,14
Kalunguta,2026-05-30,1,1,0,0,14
Kalunguta,2026-05-31,1,1,0,0,14
Kalunguta,2026-06-01,1,1,0,0,14
Kalunguta,2026-06-02,1,1,0,0,14
Kalunguta,2026-06-03,1,1,0,0,14
Kalunguta,2026-06-04,1,1,0,0,14
Kalunguta,2026-06-05,1,1,0,0,14
Kalunguta,2026-06-06,1,1,0,0,14
Kalunguta,2026-06-07,1,1,0,0,14
Kalunguta,2026-06-08,1,1,0,0,14
Kalunguta,2026-06-09,1,1,0,0,14
Kalunguta,2026-06-10,1,1,0,0,14
Kalunguta,2026-06-11,1,1,0,0,14
Kalunguta,2026-06-12,1,1,0,0,14
Kalunguta,2026-06-13,1,1,0,0,14
Kalunguta,2026-06-14,1,1,0,0,14
Kalunguta,2026-06-15,1,1,0,0,14
Kalunguta,2026-06-16,2,1,1,0,14
Kalunguta,2026-06-17,2,1,0,0,14
Kalunguta,2026-06-18,2,1,0,0,14
Kalunguta,2026-06-19,2,1,0,0,14
Kalunguta,2026-06-20,2,1,0,0,14
Kalunguta,2026-06-21,2,1,0,0,14
Kalunguta,2026-06-22,2,1,0,0,14
Kalunguta,2026-06-23,2,1,0,0,14
Kalunguta,2026-06-24,2,1,0,0,14
Kalunguta,2026-06-25,2,1,0,0,14
Kalunguta,2026-06-26,2,1,0,0,14
Kalunguta,2026-06-27,2,1,0,0,14
Kalunguta,2026-06-28,2,1,0,0,14
Kalunguta,2026-06-29,2,1,0,0,14
Kalunguta,2026-06-30,2,1,0,0,14
Kalunguta,2026-07-01,2,1,0,0,14
Kalunguta,2026-07-02,2,1,0,0,14
Kalunguta,2026-07-03,2,1,0,0,14
Kambala,2026-05-14,0,0,0,0,15
Kambala,2026-05-15,0,0,0,0,15
Kambala,2026-05-16,0,0,0,0,15
Kambala,2026-05-17,0,0,0,0,15
Kambala,2026-05-18,0,0,0,0,15
Kambala,2026-05-19,0,0,0,0,15
Kambala,2026-05-20,0,0,0,0,15
Kambala,2026-05-21,0,0,0,0,15
Kambala,2026-05-22,0,0,0,0,15
Kambala,2026-05-23,0,0,0,0,15
Kambala,2026-05-24,0,0,0,0,15
Kambala,2026-05-25,0,0,0,0,15
Kambala,2026-05-26,0,0,0,0,15
Kambala,2026-05-27,0,0,0,0,15
Kambala,2026-05-28,0,0,0,0,15
Kambala,2026-05-29,0,0,0,0,15
Kambala,2026-05-30,0,0,0,0,15
Kambala,2026-05-31,0,0,0,0,15
Kambala,2026-06-01,0,0,0,0,15
Kambala,2026-06-02,0,0,0,0,15
Kambala,2026-06-03,0,0,0,0,15
Kambala,2026-06-04,0,0,0,0,15
Kambala,2026-06-05,0,0,0,0,15
Kambala,2026-06-06,0,0,0,0,15
Kambala,2026-06-07,0,0,0,0,15
Kambala,2026-06-08,0,0,0,0,15
Kambala,2026-06-09,0,0,0,0,15
Kambala,2026-06-10,1,1,1,1,15
Kambala,2026-06-11,1,1,0,0,15
Kambala,2026-06-12,1,1,0,0,15
Kambala,2026-06-13,1,1,0,0,15
Kambala,2026-06-14,1,1,0,0,15
Kambala,2026-06-15,1,1,0,0,15
Kambala,2026-06-16,1,1,0,0,15
Kambala,2026-06-17,1,1,0,0,15
Kambala,2026-06-18,1,1,0,0,15
Kambala,2026-06-19,1,1,0,0,15
Kambala,2026-06-20,1,1,0,0,15
Kambala,2026-06-21,1,1,0,0,15
Kambala,2026-06-22,1,1,0,0,15
Kambala,2026-06-23,1,1,0,0,15
Kambala,2026-06-24,1,1,0,0,15
Kambala,2026-06-25,1,1,0,0,15
Kambala,2026-06-26,1,1,0,0,15
Kambala,2026-06-27,1,1,0,0,15
Kambala,2026-06-28,1,1,0,0,15
Kambala,2026-06-29,1,1,0,0,15
Kambala,2026-06-30,2,2,1,1,15
Kambala,2026-07-01,2,2,0,0,15
Kambala,2026-07-02,2,2,0,0,15
Kambala,2026-07-03,2,2,0,0,15
Karisimbi,2026-05-14,0,0,0,0,16
Karisimbi,2026-05-15,0,0,0,0,16
Karisimbi,2026-05-16,0,0,0,0,16
Karisimbi,2026-05-17,0,0,0,0,16
Karisimbi,2026-05-18,0,0,0,0,16
Karisimbi,2026-05-19,0,0,0,0,16
Karisimbi,2026-05-20,0,0,0,0,16
Karisimbi,2026-05-21,0,0,0,0,16
Karisimbi,2026-05-22,0,0,0,0,16
Karisimbi,2026-05-23,0,0,0,0,16
Karisimbi,2026-05-24,0,0,0,0,16
Karisimbi,2026-05-25,0,0,0,0,16
Karisimbi,2026-05-26,0,0,0,0,16
Karisimbi,2026-05-27,0,0,0,0,16
Karisimbi,2026-05-28,0,0,0,0,16
Karisimbi,2026-05-29,0,0,0,0,16
Karisimbi,2026-05-30,0,0,0,0,16
Karisimbi,2026-05-31,0,0,0,0,16
Karisimbi,2026-06-01,0,0,0,0,16
Karisimbi,2026-06-02,0,0,0,0,16
Karisimbi,2026-06-03,0,0,0,0,16
Karisimbi,2026-06-04,0,0,0,0,16
Karisimbi,2026-06-05,0,0,0,0,16
Karisimbi,2026-06-06,0,0,0,0,16
Karisimbi,2026-06-07,0,0,0,0,16
Karisimbi,2026-06-08,0,0,0,0,16
Karisimbi,2026-06-09,0,0,0,0,16
Karisimbi,2026-06-10,0,0,0,0,16
Karisimbi,2026-06-11,0,0,0,0,16
Karisimbi,2026-06-12,0,0,0,0,16
Karisimbi,2026-06-13,0,0,0,0,16
Karisimbi,2026-06-14,0,0,0,0,16
Karisimbi,2026-06-15,0,0,0,0,16
Karisimbi,2026-06-16,0,0,0,0,16
Karisimbi,2026-06-17,0,0,0,0,16
Karisimbi,2026-06-18,0,0,0,0,16
Karisimbi,2026-06-19,0,0,0,0,16
Karisimbi,2026-06-20,0,0,0,0,16
Karisimbi,2026-06-21,0,0,0,0,16
Karisimbi,2026-06-22,0,0,0,0,16
Karisimbi,2026-06-23,0,0,0,0,16
Karisimbi,2026-06-24,0,0,0,0,16
Karisimbi,2026-06-25,0,0,0,0,16
Karisimbi,2026-06-26,0,0,0,0,16
Karisimbi,2026-06-27,0,0,0,0,16
Karisimbi,2026-06-28,0,0,0,0,16
Karisimbi,2026-06-29,0,0,0,0,16
Karisimbi,2026-06-30,0,0,0,0,16
Karisimbi,2026-07-01,0,0,0,0,16
Karisimbi,2026-07-02,0,0,0,0,16
Karisimbi,2026-07-03,0,0,0,0,16
Katwa,2026-05-14,0,0,0,0,17
Katwa,2026-05-15,0,0,0,0,17
Katwa,2026-05-16,0,0,0,0,17
Katwa,2026-05-17,0,0,0,0,17
Katwa,2026-05-18,1,0,0,0,17
Katwa,2026-05-19,1,0,0,0,17
Katwa,2026-05-20,1,0,0,0,17
Katwa,2026-05-21,1,0,0,0,17
Katwa,2026-05-22,0,0,0,0,17
Katwa,2026-05-23,4,0,4,0,17
Katwa,2026-05-24,4,0,0,0,17
Katwa,2026-05-25,4,0,0,0,17
Katwa,2026-05-26,4,0,0,0,17
Katwa,2026-05-27,4,0,0,0,17
Katwa,2026-05-28,4,3,0,3,17
Katwa,2026-05-29,4,3,0,0,17
Katwa,2026-05-30,4,3,0,0,17
Katwa,2026-05-31,4,3,0,0,17
Katwa,2026-06-01,7,5,3,2,17
Katwa,2026-06-02,7,5,0,0,17
Katwa,2026-06-03,7,5,0,0,17
Katwa,2026-06-04,11,7,4,2,17
Katwa,2026-06-05,11,7,0,0,17
Katwa,2026-06-06,11,8,0,1,17
Katwa,2026-06-07,11,8,0,0,17
Katwa,2026-06-08,12,8,1,0,17
Katwa,2026-06-09,12,8,0,0,17
Katwa,2026-06-10,18,10,4,1,17
Katwa,2026-06-11,16,9,0,0,17
Katwa,2026-06-12,16,9,0,0,17
Katwa,2026-06-13,21,12,5,3,17
Katwa,2026-06-14,25,16,2,4,17
Katwa,2026-06-15,25,16,0,0,17
Katwa,2026-06-16,23,16,0,0,17
Katwa,2026-06-17,24,16,1,0,17
Katwa,2026-06-18,24,16,0,0,17
Katwa,2026-06-19,26,16,2,0,17
Katwa,2026-06-20,28,17,2,1,17
Katwa,2026-06-21,31,19,3,2,17
Katwa,2026-06-22,32,19,1,0,17
Katwa,2026-06-23,32,19,0,0,17
Katwa,2026-06-24,33,20,1,1,17
Katwa,2026-06-25,35,22,2,2,17
Katwa,2026-06-26,35,22,0,0,17
Katwa,2026-06-27,35,22,0,0,17
Katwa,2026-06-28,35,22,0,0,17
Katwa,2026-06-29,45,27,10,5,17
Katwa,2026-06-30,47,33,2,6,17
Katwa,2026-07-01,49,33,2,0,17
Katwa,2026-07-02,51,35,2,2,17
Katwa,2026-07-03,51,37,0,2,17
Kilo,2026-05-14,0,0,0,0,18
Kilo,2026-05-15,0,0,0,0,18
Kilo,2026-05-16,0,0,0,0,18
Kilo,2026-05-17,0,0,0,0,18
Kilo,2026-05-18,0,0,0,0,18
Kilo,2026-05-19,0,0,0,0,18
Kilo,2026-05-20,0,0,0,0,18
Kilo,2026-05-21,1,0,1,0,18
Kilo,2026-05-22,1,0,0,0,18
Kilo,2026-05-23,1,0,0,0,18
Kilo,2026-05-24,1,0,0,0,18
Kilo,2026-05-25,1,0,0,0,18
Kilo,2026-05-26,1,0,0,0,18
Kilo,2026-05-27,1,0,0,0,18
Kilo,2026-05-28,2,0,1,0,18
Kilo,2026-05-29,2,0,0,0,18
Kilo,2026-05-30,2,0,0,0,18
Kilo,2026-05-31,2,0,0,0,18
Kilo,2026-06-01,2,0,0,0,18
Kilo,2026-06-02,2,0,0,0,18
Kilo,2026-06-03,2,0,0,0,18
Kilo,2026-06-04,3,1,1,1,18
Kilo,2026-06-05,4,1,1,0,18
Kilo,2026-06-06,4,1,0,0,18
Kilo,2026-06-07,4,1,0,0,18
Kilo,2026-06-08,4,1,0,0,18
Kilo,2026-06-09,4,1,0,0,18
Kilo,2026-06-10,4,1,0,0,18
Kilo,2026-06-11,4,1,0,0,18
Kilo,2026-06-12,4,1,0,0,18
Kilo,2026-06-13,4,1,0,0,18
Kilo,2026-06-14,4,1,0,0,18
Kilo,2026-06-15,4,1,0,0,18
Kilo,2026-06-16,4,1,0,0,18
Kilo,2026-06-17,7,1,3,0,18
Kilo,2026-06-18,7,1,0,0,18
Kilo,2026-06-19,7,1,0,0,18
Kilo,2026-06-20,7,1,0,0,18
Kilo,2026-06-21,7,1,0,0,18
Kilo,2026-06-22,7,1,0,0,18
Kilo,2026-06-23,7,1,0,0,18
Kilo,2026-06-24,9,1,2,0,18
Kilo,2026-06-25,9,1,0,0,18
Kilo,2026-06-26,9,1,0,0,18
Kilo,2026-06-27,9,1,0,0,18
Kilo,2026-06-28,9,1,0,0,18
Kilo,2026-06-29,9,1,0,0,18
Kilo,2026-06-30,9,1,0,0,18
Kilo,2026-07-01,9,1,0,0,18
Kilo,2026-07-02,9,1,0,0,18
Kilo,2026-07-03,9,1,0,0,18
Komanda,2026-05-14,0,0,0,0,19
Komanda,2026-05-15,0,0,0,0,19
Komanda,2026-05-16,0,0,0,0,19
Komanda,2026-05-17,0,0,0,0,19
Komanda,2026-05-18,0,0,0,0,19
Komanda,2026-05-19,0,0,0,0,19
Komanda,2026-05-20,0,0,0,0,19
Komanda,2026-05-21,0,0,0,0,19
Komanda,2026-05-22,0,1,0,0,19
Komanda,2026-05-23,0,1,0,0,19
Komanda,2026-05-24,0,1,0,0,19
Komanda,2026-05-25,0,1,0,0,19
Komanda,2026-05-26,0,1,0,0,19
Komanda,2026-05-27,0,1,0,0,19
Komanda,2026-05-28,1,1,1,0,19
Komanda,2026-05-29,1,0,0,0,19
Komanda,2026-05-30,1,0,0,0,19
Komanda,2026-05-31,1,0,0,0,19
Komanda,2026-06-01,1,0,0,0,19
Komanda,2026-06-02,1,0,0,0,19
Komanda,2026-06-03,1,0,0,0,19
Komanda,2026-06-04,3,0,2,0,19
Komanda,2026-06-05,3,0,0,0,19
Komanda,2026-06-06,3,0,0,0,19
Komanda,2026-06-07,3,0,0,0,19
Komanda,2026-06-08,3,0,0,0,19
Komanda,2026-06-09,3,0,0,0,19
Komanda,2026-06-10,3,0,0,0,19
Komanda,2026-06-11,3,0,0,0,19
Komanda,2026-06-12,3,0,0,0,19
Komanda,2026-06-13,6,0,3,0,19
Komanda,2026-06-14,6,0,0,0,19
Komanda,2026-06-15,7,1,1,1,19
Komanda,2026-06-16,7,1,0,0,19
Komanda,2026-06-17,10,3,3,2,19
Komanda,2026-06-18,10,3,0,0,19
Komanda,2026-06-19,10,3,0,0,19
Komanda,2026-06-20,10,3,0,0,19
Komanda,2026-06-21,10,3,0,0,19
Komanda,2026-06-22,10,3,0,0,19
Komanda,2026-06-23,13,3,3,0,19
Komanda,2026-06-24,13,3,0,0,19
Komanda,2026-06-25,13,3,0,0,19
Komanda,2026-06-26,13,3,0,0,19
Komanda,2026-06-27,13,3,0,0,19
Komanda,2026-06-28,13,3,0,0,19
Komanda,2026-06-29,16,5,3,2,19
Komanda,2026-06-30,18,5,2,0,19
Komanda,2026-07-01,19,5,1,0,19
Komanda,2026-07-02,19,5,0,0,19
Komanda,2026-07-03,19,5,0,0,19
Kyondo,2026-05-14,0,0,0,0,20
Kyondo,2026-05-15,0,0,0,0,20
Kyondo,2026-05-16,0,0,0,0,20
Kyondo,2026-05-17,0,0,0,0,20
Kyondo,2026-05-18,0,0,0,0,20
Kyondo,2026-05-19,0,0,0,0,20
Kyondo,2026-05-20,0,0,0,0,20
Kyondo,2026-05-21,0,0,0,0,20
Kyondo,2026-05-22,0,0,0,0,20
Kyondo,2026-05-23,0,0,0,0,20
Kyondo,2026-05-24,0,0,0,0,20
Kyondo,2026-05-25,1,0,1,0,20
Kyondo,2026-05-26,1,0,0,0,20
Kyondo,2026-05-27,1,0,0,0,20
Kyondo,2026-05-28,1,0,0,0,20
Kyondo,2026-05-29,1,0,0,0,20
Kyondo,2026-05-30,1,0,0,0,20
Kyondo,2026-05-31,1,0,0,0,20
Kyondo,2026-06-01,1,0,0,0,20
Kyondo,2026-06-02,1,0,0,0,20
Kyondo,2026-06-03,1,0,0,0,20
Kyondo,2026-06-04,1,0,0,0,20
Kyondo,2026-06-05,1,0,0,0,20
Kyondo,2026-06-06,1,0,0,0,20
Kyondo,2026-06-07,1,0,0,0,20
Kyondo,2026-06-08,1,0,0,0,20
Kyondo,2026-06-09,1,0,0,0,20
Kyondo,2026-06-10,2,0,1,0,20
Kyondo,2026-06-11,2,2,0,1,20
Kyondo,2026-06-12,2,2,0,0,20
Kyondo,2026-06-13,2,1,0,0,20
Kyondo,2026-06-14,2,1,0,0,20
Kyondo,2026-06-15,2,1,0,0,20
Kyondo,2026-06-16,2,1,0,0,20
Kyondo,2026-06-17,2,1,0,0,20
Kyondo,2026-06-18,2,1,0,0,20
Kyondo,2026-06-19,2,1,0,0,20
Kyondo,2026-06-20,2,1,0,0,20
Kyondo,2026-06-21,3,1,1,0,20
Kyondo,2026-06-22,3,1,0,0,20
Kyondo,2026-06-23,3,2,0,1,20
Kyondo,2026-06-24,3,2,0,0,20
Kyondo,2026-06-25,3,2,0,0,20
Kyondo,2026-06-26,3,2,0,0,20
Kyondo,2026-06-27,3,2,0,0,20
Kyondo,2026-06-28,3,2,0,0,20
Kyondo,2026-06-29,3,2,0,0,20
Kyondo,2026-06-30,3,2,0,0,20
Kyondo,2026-07-01,3,2,0,0,20
Kyondo,2026-07-02,3,2,0,0,20
Kyondo,2026-07-03,4,2,1,0,20
Lita,2026-05-14,0,0,0,0,21
Lita,2026-05-15,0,0,0,0,21
Lita,2026-05-16,0,0,0,0,21
Lita,2026-05-17,0,0,0,0,21
Lita,2026-05-18,0,0,0,0,21
Lita,2026-05-19,0,0,0,0,21
Lita,2026-05-20,0,0,0,0,21
Lita,2026-05-21,0,0,0,0,21
Lita,2026-05-22,0,0,0,0,21
Lita,2026-05-23,0,0,0,0,21
Lita,2026-05-24,0,0,0,0,21
Lita,2026-05-25,0,0,0,0,21
Lita,2026-05-26,0,0,0,0,21
Lita,2026-05-27,0,0,0,0,21
Lita,2026-05-28,1,0,1,0,21
Lita,2026-05-29,1,0,0,0,21
Lita,2026-05-30,1,0,0,0,21
Lita,2026-05-31,1,0,0,0,21
Lita,2026-06-01,1,0,0,0,21
Lita,2026-06-02,1,0,0,0,21
Lita,2026-06-03,2,0,1,0,21
Lita,2026-06-04,3,0,1,0,21
Lita,2026-06-05,4,0,1,0,21
Lita,2026-06-06,4,0,0,0,21
Lita,2026-06-07,4,0,0,0,21
Lita,2026-06-08,4,0,0,0,21
Lita,2026-06-09,5,0,1,0,21
Lita,2026-06-10,6,0,1,0,21
Lita,2026-06-11,6,0,0,0,21
Lita,2026-06-12,6,0,0,0,21
Lita,2026-06-13,6,0,0,0,21
Lita,2026-06-14,6,0,0,0,21
Lita,2026-06-15,9,0,3,0,21
Lita,2026-06-16,9,0,0,0,21
Lita,2026-06-17,18,4,9,4,21
Lita,2026-06-18,20,6,2,2,21
Lita,2026-06-19,20,6,0,0,21
Lita,2026-06-20,20,6,0,0,21
Lita,2026-06-21,21,6,1,0,21
Lita,2026-06-22,24,6,3,0,21
Lita,2026-06-23,26,6,2,0,21
Lita,2026-06-24,26,6,0,0,21
Lita,2026-06-25,26,6,0,0,21
Lita,2026-06-26,26,6,0,0,21
Lita,2026-06-27,26,6,0,0,21
Lita,2026-06-28,26,6,0,0,21
Lita,2026-06-29,29,9,3,3,21
Lita,2026-06-30,29,9,0,0,21
Lita,2026-07-01,32,11,3,2,21
Lita,2026-07-02,33,12,1,1,21
Lita,2026-07-03,33,12,0,0,21
Logo,2026-05-14,0,0,0,0,22
Logo,2026-05-15,0,0,0,0,22
Logo,2026-05-16,0,0,0,0,22
Logo,2026-05-17,0,0,0,0,22
Logo,2026-05-18,0,0,0,0,22
Logo,2026-05-19,0,0,0,0,22
Logo,2026-05-20,0,0,0,0,22
Logo,2026-05-21,0,0,0,0,22
Logo,2026-05-22,0,0,0,0,22
Logo,2026-05-23,0,0,0,0,22
Logo,2026-05-24,0,0,0,0,22
Logo,2026-05-25,0,0,0,0,22
Logo,2026-05-26,0,0,0,0,22
Logo,2026-05-27,0,0,0,0,22
Logo,2026-05-28,0,0,0,0,22
Logo,2026-05-29,0,0,0,0,22
Logo,2026-05-30,0,0,0,0,22
Logo,2026-05-31,0,0,0,0,22
Logo,2026-06-01,1,0,1,0,22
Logo,2026-06-02,1,0,0,0,22
Logo,2026-06-03,1,0,0,0,22
Logo,2026-06-04,2,0,1,0,22
Logo,2026-06-05,2,0,0,0,22
Logo,2026-06-06,2,0,0,0,22
Logo,2026-06-07,2,0,0,0,22
Logo,2026-06-08,2,0,0,0,22
Logo,2026-06-09,2,0,0,0,22
Logo,2026-06-10,2,0,0,0,22
Logo,2026-06-11,2,0,0,0,22
Logo,2026-06-12,2,0,0,0,22
Logo,2026-06-13,2,0,0,0,22
Logo,2026-06-14,2,0,0,0,22
Logo,2026-06-15,2,0,0,0,22
Logo,2026-06-16,2,0,0,0,22
Logo,2026-06-17,2,0,0,0,22
Logo,2026-06-18,2,0,0,0,22
Logo,2026-06-19,2,0,0,0,22
Logo,2026-06-20,2,0,0,0,22
Logo,2026-06-21,2,0,0,0,22
Logo,2026-06-22,5,0,3,0,22
Logo,2026-06-23,5,0,0,0,22
Logo,2026-06-24,5,0,0,0,22
Logo,2026-06-25,7,0,2,0,22
Logo,2026-06-26,7,0,0,0,22
Logo,2026-06-27,7,0,0,0,22
Logo,2026-06-28,7,0,0,0,22
Logo,2026-06-29,7,0,0,0,22
Logo,2026-06-30,7,0,0,0,22
Logo,2026-07-01,7,0,0,0,22
Logo,2026-07-02,7,0,0,0,22
Logo,2026-07-03,7,0,0,0,22
Lolwa,2026-05-14,0,0,0,0,23
Lolwa,2026-05-15,0,0,0,0,23
Lolwa,2026-05-16,0,0,0,0,23
Lolwa,2026-05-17,0,0,0,0,23
Lolwa,2026-05-18,0,0,0,0,23
Lolwa,2026-05-19,0,0,0,0,23
Lolwa,2026-05-20,0,0,0,0,23
Lolwa,2026-05-21,0,0,0,0,23
Lolwa,2026-05-22,0,0,0,0,23
Lolwa,2026-05-23,0,0,0,0,23
Lolwa,2026-05-24,0,0,0,0,23
Lolwa,2026-05-25,0,0,0,0,23
Lolwa,2026-05-26,0,0,0,0,23
Lolwa,2026-05-27,0,0,0,0,23
Lolwa,2026-05-28,0,0,0,0,23
Lolwa,2026-05-29,0,0,0,0,23
Lolwa,2026-05-30,0,0,0,0,23
Lolwa,2026-05-31,0,0,0,0,23
Lolwa,2026-06-01,0,0,0,0,23
Lolwa,2026-06-02,0,0,0,0,23
Lolwa,2026-06-03,0,0,0,0,23
Lolwa,2026-06-04,0,0,0,0,23
Lolwa,2026-06-05,0,0,0,0,23
Lolwa,2026-06-06,0,0,0,0,23
Lolwa,2026-06-07,0,0,0,0,23
Lolwa,2026-06-08,0,0,0,0,23
Lolwa,2026-06-09,0,0,0,0,23
Lolwa,2026-06-10,0,0,0,0,23
Lolwa,2026-06-11,0,0,0,0,23
Lolwa,2026-06-12,0,0,0,0,23
Lolwa,2026-06-13,0,0,0,0,23
Lolwa,2026-06-14,0,0,0,0,23
Lolwa,2026-06-15,0,0,0,0,23
Lolwa,2026-06-16,0,0,0,0,23
Lolwa,2026-06-17,0,0,0,0,23
Lolwa,2026-06-18,0,0,0,0,23
Lolwa,2026-06-19,0,0,0,0,23
Lolwa,2026-06-20,0,0,0,0,23
Lolwa,2026-06-21,0,0,0,0,23
Lolwa,2026-06-22,0,0,0,0,23
Lolwa,2026-06-23,0,0,0,0,23
Lolwa,2026-06-24,0,0,0,0,23
Lolwa,2026-06-25,0,0,0,0,23
Lolwa,2026-06-26,0,0,0,0,23
Lolwa,2026-06-27,0,0,0,0,23
Lolwa,2026-06-28,0,0,0,0,23
Lolwa,2026-06-29,0,0,0,0,23
Lolwa,2026-06-30,1,1,1,1,23
Lolwa,2026-07-01,1,1,0,0,23
Lolwa,2026-07-02,1,1,0,0,23
Lolwa,2026-07-03,1,1,0,0,23
Mabalako,2026-05-14,0,0,0,0,24
Mabalako,2026-05-15,0,0,0,0,24
Mabalako,2026-05-16,0,0,0,0,24
Mabalako,2026-05-17,0,0,0,0,24
Mabalako,2026-05-18,0,0,0,0,24
Mabalako,2026-05-19,0,0,0,0,24
Mabalako,2026-05-20,0,0,0,0,24
Mabalako,2026-05-21,0,0,0,0,24
Mabalako,2026-05-22,0,0,0,0,24
Mabalako,2026-05-23,0,0,0,0,24
Mabalako,2026-05-24,0,0,0,0,24
Mabalako,2026-05-25,0,0,0,0,24
Mabalako,2026-05-26,0,0,0,0,24
Mabalako,2026-05-27,0,0,0,0,24
Mabalako,2026-05-28,0,0,0,0,24
Mabalako,2026-05-29,0,0,0,0,24
Mabalako,2026-05-30,0,0,0,0,24
Mabalako,2026-05-31,0,0,0,0,24
Mabalako,2026-06-01,0,0,0,0,24
Mabalako,2026-06-02,0,0,0,0,24
Mabalako,2026-06-03,0,0,0,0,24
Mabalako,2026-06-04,0,0,0,0,24
Mabalako,2026-06-05,0,0,0,0,24
Mabalako,2026-06-06,0,0,0,0,24
Mabalako,2026-06-07,0,0,0,0,24
Mabalako,2026-06-08,0,0,0,0,24
Mabalako,2026-06-09,0,0,0,0,24
Mabalako,2026-06-10,0,0,0,0,24
Mabalako,2026-06-11,0,0,0,0,24
Mabalako,2026-06-12,0,0,0,0,24
Mabalako,2026-06-13,1,0,1,0,24
Mabalako,2026-06-14,1,0,0,0,24
Mabalako,2026-06-15,1,0,0,0,24
Mabalako,2026-06-16,1,0,0,0,24
Mabalako,2026-06-17,1,0,0,0,24
Mabalako,2026-06-18,1,0,0,0,24
Mabalako,2026-06-19,1,0,0,0,24
Mabalako,2026-06-20,1,0,0,0,24
Mabalako,2026-06-21,1,0,0,0,24
Mabalako,2026-06-22,1,0,0,0,24
Mabalako,2026-06-23,1,0,0,0,24
Mabalako,2026-06-24,1,0,0,0,24
Mabalako,2026-06-25,1,0,0,0,24
Mabalako,2026-06-26,1,0,0,0,24
Mabalako,2026-06-27,1,0,0,0,24
Mabalako,2026-06-28,1,0,0,0,24
Mabalako,2026-06-29,1,0,0,0,24
Mabalako,2026-06-30,1,0,0,0,24
Mabalako,2026-07-01,1,0,0,0,24
Mabalako,2026-07-02,1,0,0,0,24
Mabalako,2026-07-03,1,0,0,0,24
Mambasa,2026-05-14,0,0,0,0,25
Mambasa,2026-05-15,0,0,0,0,25
Mambasa,2026-05-16,0,0,0,0,25
Mambasa,2026-05-17,0,0,0,0,25
Mambasa,2026-05-18,0,0,0,0,25
Mambasa,2026-05-19,0,0,0,0,25
Mambasa,2026-05-20,0,0,0,0,25
Mambasa,2026-05-21,0,0,0,0,25
Mambasa,2026-05-22,0,0,0,0,25
Mambasa,2026-05-23,0,0,0,0,25
Mambasa,2026-05-24,0,0,0,0,25
Mambasa,2026-05-25,0,0,0,0,25
Mambasa,2026-05-26,0,0,0,0,25
Mambasa,2026-05-27,0,0,0,0,25
Mambasa,2026-05-28,0,0,0,0,25
Mambasa,2026-05-29,0,0,0,0,25
Mambasa,2026-05-30,0,0,0,0,25
Mambasa,2026-05-31,0,0,0,0,25
Mambasa,2026-06-01,2,1,2,1,25
Mambasa,2026-06-02,2,1,0,0,25
Mambasa,2026-06-03,2,1,0,0,25
Mambasa,2026-06-04,2,1,0,0,25
Mambasa,2026-06-05,2,1,0,0,25
Mambasa,2026-06-06,2,1,0,0,25
Mambasa,2026-06-07,2,1,0,0,25
Mambasa,2026-06-08,2,1,0,0,25
Mambasa,2026-06-09,2,1,0,0,25
Mambasa,2026-06-10,2,1,0,0,25
Mambasa,2026-06-11,2,1,0,0,25
Mambasa,2026-06-12,2,1,0,0,25
Mambasa,2026-06-13,2,1,0,0,25
Mambasa,2026-06-14,2,1,0,0,25
Mambasa,2026-06-15,2,1,0,0,25
Mambasa,2026-06-16,2,1,0,0,25
Mambasa,2026-06-17,2,1,0,0,25
Mambasa,2026-06-18,2,1,0,0,25
Mambasa,2026-06-19,2,1,0,0,25
Mambasa,2026-06-20,2,1,0,0,25
Mambasa,2026-06-21,2,1,0,0,25
Mambasa,2026-06-22,2,1,0,0,25
Mambasa,2026-06-23,2,1,0,0,25
Mambasa,2026-06-24,2,1,0,0,25
Mambasa,2026-06-25,2,1,0,0,25
Mambasa,2026-06-26,2,1,0,0,25
Mambasa,2026-06-27,2,1,0,0,25
Mambasa,2026-06-28,2,1,0,0,25
Mambasa,2026-06-29,2,1,0,0,25
Mambasa,2026-06-30,2,1,0,0,25
Mambasa,2026-07-01,2,1,0,0,25
Mambasa,2026-07-02,2,1,0,0,25
Mambasa,2026-07-03,2,1,0,0,25
Mandima,2026-05-14,0,0,0,0,26
Mandima,2026-05-15,0,0,0,0,26
Mandima,2026-05-16,0,0,0,0,26
Mandima,2026-05-17,0,0,0,0,26
Mandima,2026-05-18,0,0,0,0,26
Mandima,2026-05-19,0,0,0,0,26
Mandima,2026-05-20,0,0,0,0,26
Mandima,2026-05-21,0,0,0,0,26
Mandima,2026-05-22,0,0,0,0,26
Mandima,2026-05-23,0,0,0,0,26
Mandima,2026-05-24,0,0,0,0,26
Mandima,2026-05-25,0,0,0,0,26
Mandima,2026-05-26,0,0,0,0,26
Mandima,2026-05-27,0,0,0,0,26
Mandima,2026-05-28,0,0,0,0,26
Mandima,2026-05-29,0,0,0,0,26
Mandima,2026-05-30,0,0,0,0,26
Mandima,2026-05-31,0,0,0,0,26
Mandima,2026-06-01,0,0,0,0,26
Mandima,2026-06-02,0,0,0,0,26
Mandima,2026-06-03,0,0,0,0,26
Mandima,2026-06-04,0,0,0,0,26
Mandima,2026-06-05,0,0,0,0,26
Mandima,2026-06-06,0,0,0,0,26
Mandima,2026-06-07,0,0,0,0,26
Mandima,2026-06-08,0,0,0,0,26
Mandima,2026-06-09,0,0,0,0,26
Mandima,2026-06-10,0,0,0,0,26
Mandima,2026-06-11,0,0,0,0,26
Mandima,2026-06-12,0,0,0,0,26
Mandima,2026-06-13,0,0,0,0,26
Mandima,2026-06-14,0,0,0,0,26
Mandima,2026-06-15,0,0,0,0,26
Mandima,2026-06-16,0,0,0,0,26
Mandima,2026-06-17,0,0,0,0,26
Mandima,2026-06-18,0,0,0,0,26
Mandima,2026-06-19,0,0,0,0,26
Mandima,2026-06-20,0,0,0,0,26
Mandima,2026-06-21,0,0,0,0,26
Mandima,2026-06-22,0,0,0,0,26
Mandima,2026-06-23,0,0,0,0,26
Mandima,2026-06-24,0,0,0,0,26
Mandima,2026-06-25,0,0,0,0,26
Mandima,2026-06-26,0,0,0,0,26
Mandima,2026-06-27,0,0,0,0,26
Mandima,2026-06-28,0,0,0,0,26
Mandima,2026-06-29,1,0,1,0,26
Mandima,2026-06-30,2,1,1,1,26
Mandima,2026-07-01,2,1,0,0,26
Mandima,2026-07-02,4,1,2,0,26
Mandima,2026-07-03,4,1,0,0,26
Mangala,2026-05-14,0,0,0,0,27
Mangala,2026-05-15,0,0,0,0,27
Mangala,2026-05-16,0,0,0,0,27
Mangala,2026-05-17,0,0,0,0,27
Mangala,2026-05-18,0,0,0,0,27
Mangala,2026-05-19,0,0,0,0,27
Mangala,2026-05-20,0,0,0,0,27
Mangala,2026-05-21,0,0,0,0,27
Mangala,2026-05-22,0,0,0,0,27
Mangala,2026-05-23,0,0,0,0,27
Mangala,2026-05-24,0,0,0,0,27
Mangala,2026-05-25,0,0,0,0,27
Mangala,2026-05-26,0,0,0,0,27
Mangala,2026-05-27,0,0,0,0,27
Mangala,2026-05-28,1,0,1,0,27
Mangala,2026-05-29,1,0,0,0,27
Mangala,2026-05-30,1,0,0,0,27
Mangala,2026-05-31,1,0,0,0,27
Mangala,2026-06-01,1,0,0,0,27
Mangala,2026-06-02,1,0,0,0,27
Mangala,2026-06-03,1,0,0,0,27
Mangala,2026-06-04,1,0,0,0,27
Mangala,2026-06-05,1,0,0,0,27
Mangala,2026-06-06,1,0,0,0,27
Mangala,2026-06-07,1,0,0,0,27
Mangala,2026-06-08,1,0,0,0,27
Mangala,2026-06-09,1,0,0,0,27
Mangala,2026-06-10,2,0,1,0,27
Mangala,2026-06-11,2,0,0,0,27
Mangala,2026-06-12,2,0,0,0,27
Mangala,2026-06-13,5,3,3,3,27
Mangala,2026-06-14,5,3,0,0,27
Mangala,2026-06-15,5,3,0,0,27
Mangala,2026-06-16,5,3,0,0,27
Mangala,2026-06-17,5,3,0,0,27
Mangala,2026-06-18,7,4,2,1,27
Mangala,2026-06-19,7,4,0,0,27
Mangala,2026-06-20,7,4,0,0,27
Mangala,2026-06-21,11,5,4,1,27
Mangala,2026-06-22,14,6,3,1,27
Mangala,2026-06-23,17,8,3,2,27
Mangala,2026-06-24,17,8,0,0,27
Mangala,2026-06-25,17,8,0,0,27
Mangala,2026-06-26,17,8,0,0,27
Mangala,2026-06-27,17,8,0,0,27
Mangala,2026-06-28,17,8,0,0,27
Mangala,2026-06-29,24,12,7,4,27
Mangala,2026-06-30,24,12,0,0,27
Mangala,2026-07-01,24,12,0,0,27
Mangala,2026-07-02,24,12,0,0,27
Mangala,2026-07-03,26,14,2,2,27
Manguredjipa,2026-05-14,0,0,0,0,28
Manguredjipa,2026-05-15,0,0,0,0,28
Manguredjipa,2026-05-16,0,0,0,0,28
Manguredjipa,2026-05-17,0,0,0,0,28
Manguredjipa,2026-05-18,0,0,0,0,28
Manguredjipa,2026-05-19,0,0,0,0,28
Manguredjipa,2026-05-20,0,0,0,0,28
Manguredjipa,2026-05-21,0,0,0,0,28
Manguredjipa,2026-05-22,0,0,0,0,28
Manguredjipa,2026-05-23,0,0,0,0,28
Manguredjipa,2026-05-24,0,0,0,0,28
Manguredjipa,2026-05-25,0,0,0,0,28
Manguredjipa,2026-05-26,0,0,0,0,28
Manguredjipa,2026-05-27,0,0,0,0,28
Manguredjipa,2026-05-28,0,0,0,0,28
Manguredjipa,2026-05-29,0,0,0,0,28
Manguredjipa,2026-05-30,0,0,0,0,28
Manguredjipa,2026-05-31,0,0,0,0,28
Manguredjipa,2026-06-01,0,0,0,0,28
Manguredjipa,2026-06-02,0,0,0,0,28
Manguredjipa,2026-06-03,0,0,0,0,28
Manguredjipa,2026-06-04,0,0,0,0,28
Manguredjipa,2026-06-05,0,0,0,0,28
Manguredjipa,2026-06-06,0,0,0,0,28
Manguredjipa,2026-06-07,0,0,0,0,28
Manguredjipa,2026-06-08,0,0,0,0,28
Manguredjipa,2026-06-09,0,0,0,0,28
Manguredjipa,2026-06-10,0,0,0,0,28
Manguredjipa,2026-06-11,0,0,0,0,28
Manguredjipa,2026-06-12,0,0,0,0,28
Manguredjipa,2026-06-13,0,0,0,0,28
Manguredjipa,2026-06-14,0,0,0,0,28
Manguredjipa,2026-06-15,0,0,0,0,28
Manguredjipa,2026-06-16,0,0,0,0,28
Manguredjipa,2026-06-17,0,0,0,0,28
Manguredjipa,2026-06-18,0,0,0,0,28
Manguredjipa,2026-06-19,0,0,0,0,28
Manguredjipa,2026-06-20,0,0,0,0,28
Manguredjipa,2026-06-21,0,0,0,0,28
Manguredjipa,2026-06-22,0,0,0,0,28
Manguredjipa,2026-06-23,0,0,0,0,28
Manguredjipa,2026-06-24,0,0,0,0,28
Manguredjipa,2026-06-25,0,0,0,0,28
Manguredjipa,2026-06-26,0,0,0,0,28
Manguredjipa,2026-06-27,0,0,0,0,28
Manguredjipa,2026-06-28,0,0,0,0,28
Manguredjipa,2026-06-29,0,0,0,0,28
Manguredjipa,2026-06-30,0,0,0,0,28
Manguredjipa,2026-07-01,0,0,0,0,28
Manguredjipa,2026-07-02,0,0,0,0,28
Manguredjipa,2026-07-03,0,0,0,0,28
Masereka,2026-05-14,0,0,0,0,29
Masereka,2026-05-15,0,0,0,0,29
Masereka,2026-05-16,0,0,0,0,29
Masereka,2026-05-17,0,0,0,0,29
Masereka,2026-05-18,0,0,0,0,29
Masereka,2026-05-19,0,0,0,0,29
Masereka,2026-05-20,0,0,0,0,29
Masereka,2026-05-21,0,0,0,0,29
Masereka,2026-05-22,0,0,0,0,29
Masereka,2026-05-23,0,0,0,0,29
Masereka,2026-05-24,0,0,0,0,29
Masereka,2026-05-25,0,0,0,0,29
Masereka,2026-05-26,0,0,0,0,29
Masereka,2026-05-27,0,0,0,0,29
Masereka,2026-05-28,0,0,0,0,29
Masereka,2026-05-29,0,0,0,0,29
Masereka,2026-05-30,0,0,0,0,29
Masereka,2026-05-31,0,0,0,0,29
Masereka,2026-06-01,0,0,0,0,29
Masereka,2026-06-02,0,0,0,0,29
Masereka,2026-06-03,0,0,0,0,29
Masereka,2026-06-04,0,0,0,0,29
Masereka,2026-06-05,0,0,0,0,29
Masereka,2026-06-06,0,0,0,0,29
Masereka,2026-06-07,0,0,0,0,29
Masereka,2026-06-08,0,0,0,0,29
Masereka,2026-06-09,0,0,0,0,29
Masereka,2026-06-10,1,0,1,0,29
Masereka,2026-06-11,1,1,0,0,29
Masereka,2026-06-12,1,1,0,0,29
Masereka,2026-06-13,1,0,0,0,29
Masereka,2026-06-14,1,0,0,0,29
Masereka,2026-06-15,1,0,0,0,29
Masereka,2026-06-16,1,0,0,0,29
Masereka,2026-06-17,1,0,0,0,29
Masereka,2026-06-18,1,0,0,0,29
Masereka,2026-06-19,1,0,0,0,29
Masereka,2026-06-20,1,0,0,0,29
Masereka,2026-06-21,1,0,0,0,29
Masereka,2026-06-22,1,0,0,0,29
Masereka,2026-06-23,1,0,0,0,29
Masereka,2026-06-24,1,0,0,0,29
Masereka,2026-06-25,1,0,0,0,29
Masereka,2026-06-26,1,0,0,0,29
Masereka,2026-06-27,1,0,0,0,29
Masereka,2026-06-28,1,0,0,0,29
Masereka,2026-06-29,1,0,0,0,29
Masereka,2026-06-30,1,0,0,0,29
Masereka,2026-07-01,1,0,0,0,29
Masereka,2026-07-02,1,0,0,0,29
Masereka,2026-07-03,2,0,1,0,29
Miti-Murhesa,2026-05-14,0,0,0,0,30
Miti-Murhesa,2026-05-15,0,0,0,0,30
Miti-Murhesa,2026-05-16,0,0,0,0,30
Miti-Murhesa,2026-05-17,0,0,0,0,30
Miti-Murhesa,2026-05-18,0,0,0,0,30
Miti-Murhesa,2026-05-19,0,0,0,0,30
Miti-Murhesa,2026-05-20,0,0,0,0,30
Miti-Murhesa,2026-05-21,1,0,1,0,30
Miti-Murhesa,2026-05-22,1,0,0,0,30
Miti-Murhesa,2026-05-23,1,0,0,0,30
Miti-Murhesa,2026-05-24,1,0,0,0,30
Miti-Murhesa,2026-05-25,1,0,0,0,30
Miti-Murhesa,2026-05-26,1,0,0,0,30
Miti-Murhesa,2026-05-27,1,0,0,0,30
Miti-Murhesa,2026-05-28,3,1,0,1,30
Miti-Murhesa,2026-05-29,3,1,0,0,30
Miti-Murhesa,2026-05-30,3,1,0,0,30
Miti-Murhesa,2026-05-31,3,1,0,0,30
Miti-Murhesa,2026-06-01,3,1,0,0,30
Miti-Murhesa,2026-06-02,3,1,0,0,30
Miti-Murhesa,2026-06-03,3,1,0,0,30
Miti-Murhesa,2026-06-04,1,1,0,0,30
Miti-Murhesa,2026-06-05,3,1,0,0,30
Miti-Murhesa,2026-06-06,3,1,0,0,30
Miti-Murhesa,2026-06-07,3,1,0,0,30
Miti-Murhesa,2026-06-08,1,1,0,0,30
Miti-Murhesa,2026-06-09,3,1,2,0,30
Miti-Murhesa,2026-06-10,3,1,0,0,30
Miti-Murhesa,2026-06-11,3,1,0,0,30
Miti-Murhesa,2026-06-12,3,1,0,0,30
Miti-Murhesa,2026-06-13,3,1,0,0,30
Miti-Murhesa,2026-06-14,3,1,0,0,30
Miti-Murhesa,2026-06-15,3,1,0,0,30
Miti-Murhesa,2026-06-16,3,1,0,0,30
Miti-Murhesa,2026-06-17,3,1,0,0,30
Miti-Murhesa,2026-06-18,3,1,0,0,30
Miti-Murhesa,2026-06-19,3,1,0,0,30
Miti-Murhesa,2026-06-20,3,1,0,0,30
Miti-Murhesa,2026-06-21,3,1,0,0,30
Miti-Murhesa,2026-06-22,3,1,0,0,30
Miti-Murhesa,2026-06-23,3,1,0,0,30
Miti-Murhesa,2026-06-24,3,1,0,0,30
Miti-Murhesa,2026-06-25,3,1,0,0,30
Miti-Murhesa,2026-06-26,3,1,0,0,30
Miti-Murhesa,2026-06-27,3,1,0,0,30
Miti-Murhesa,2026-06-28,3,1,0,0,30
Miti-Murhesa,2026-06-29,3,1,0,0,30
Miti-Murhesa,2026-06-30,3,1,0,0,30
Miti-Murhesa,2026-07-01,3,1,0,0,30
Miti-Murhesa,2026-07-02,3,1,0,0,30
Miti-Murhesa,2026-07-03,3,1,0,0,30
Mongbalu,2026-05-14,0,0,0,0,31
Mongbalu,2026-05-15,0,0,0,0,31
Mongbalu,2026-05-16,0,0,0,0,31
Mongbalu,2026-05-17,0,0,0,0,31
Mongbalu,2026-05-18,1,0,1,0,31
Mongbalu,2026-05-19,13,0,9,0,31
Mongbalu,2026-05-20,13,0,0,0,31
Mongbalu,2026-05-21,14,0,0,0,31
Mongbalu,2026-05-22,10,0,0,0,31
Mongbalu,2026-05-23,19,0,9,0,31
Mongbalu,2026-05-24,19,0,0,0,31
Mongbalu,2026-05-25,19,0,0,0,31
Mongbalu,2026-05-26,20,0,1,0,31
Mongbalu,2026-05-27,20,0,0,0,31
Mongbalu,2026-05-28,20,0,0,0,31
Mongbalu,2026-05-29,20,0,0,0,31
Mongbalu,2026-05-30,20,0,0,0,31
Mongbalu,2026-05-31,20,0,0,0,31
Mongbalu,2026-06-01,20,0,0,0,31
Mongbalu,2026-06-02,47,10,27,10,31
Mongbalu,2026-06-03,47,10,0,0,31
Mongbalu,2026-06-04,47,10,0,0,31
Mongbalu,2026-06-05,47,10,0,0,31
Mongbalu,2026-06-06,47,10,0,0,31
Mongbalu,2026-06-07,47,10,0,0,31
Mongbalu,2026-06-08,47,10,0,0,31
Mongbalu,2026-06-09,47,10,0,0,31
Mongbalu,2026-06-10,47,10,0,0,31
Mongbalu,2026-06-11,47,10,0,0,31
Mongbalu,2026-06-12,47,10,0,0,31
Mongbalu,2026-06-13,47,10,0,0,31
Mongbalu,2026-06-14,47,10,0,0,31
Mongbalu,2026-06-15,47,10,0,0,31
Mongbalu,2026-06-16,47,10,0,0,31
Mongbalu,2026-06-17,47,10,0,0,31
Mongbalu,2026-06-18,47,10,0,0,31
Mongbalu,2026-06-19,47,10,0,0,31
Mongbalu,2026-06-20,47,10,0,0,31
Mongbalu,2026-06-21,47,10,0,0,31
Mongbalu,2026-06-22,47,10,0,0,31
Mongbalu,2026-06-23,47,10,0,0,31
Mongbalu,2026-06-24,47,10,0,0,31
Mongbalu,2026-06-25,47,10,0,0,31
Mongbalu,2026-06-26,47,10,0,0,31
Mongbalu,2026-06-27,47,10,0,0,31
Mongbalu,2026-06-28,47,10,0,0,31
Mongbalu,2026-06-29,47,10,0,0,31
Mongbalu,2026-06-30,47,10,0,0,31
Mongbalu,2026-07-01,47,10,0,0,31
Mongbalu,2026-07-02,47,10,0,0,31
Mongbalu,2026-07-03,47,10,0,0,31
Mongbwalu,2026-05-14,0,0,0,0,32
Mongbwalu,2026-05-15,0,0,0,0,32
Mongbwalu,2026-05-16,0,0,0,0,32
Mongbwalu,2026-05-17,0,0,0,0,32
Mongbwalu,2026-05-18,0,0,0,0,32
Mongbwalu,2026-05-19,0,0,0,0,32
Mongbwalu,2026-05-20,0,0,0,0,32
Mongbwalu,2026-05-21,0,0,0,0,32
Mongbwalu,2026-05-22,0,0,0,0,32
Mongbwalu,2026-05-23,0,0,0,0,32
Mongbwalu,2026-05-24,0,0,0,0,32
Mongbwalu,2026-05-25,0,0,0,0,32
Mongbwalu,2026-05-26,0,0,0,0,32
Mongbwalu,2026-05-27,0,0,0,0,32
Mongbwalu,2026-05-28,47,10,47,10,32
Mongbwalu,2026-05-29,47,10,0,0,32
Mongbwalu,2026-05-30,47,10,0,0,32
Mongbwalu,2026-05-31,47,10,0,0,32
Mongbwalu,2026-06-01,47,10,0,0,32
Mongbwalu,2026-06-02,47,10,0,0,32
Mongbwalu,2026-06-03,47,10,0,0,32
Mongbwalu,2026-06-04,64,21,17,11,32
Mongbwalu,2026-06-05,74,21,10,0,32
Mongbwalu,2026-06-06,92,25,18,4,32
Mongbwalu,2026-06-07,98,29,6,4,32
Mongbwalu,2026-06-08,114,40,16,11,32
Mongbwalu,2026-06-09,127,47,13,7,32
Mongbwalu,2026-06-10,132,49,5,2,32
Mongbwalu,2026-06-11,136,52,4,3,32
Mongbwalu,2026-06-12,136,52,0,0,32
Mongbwalu,2026-06-13,164,73,28,21,32
Mongbwalu,2026-06-14,175,80,11,7,32
Mongbwalu,2026-06-15,185,83,10,3,32
Mongbwalu,2026-06-16,189,83,4,0,32
Mongbwalu,2026-06-17,189,83,0,0,32
Mongbwalu,2026-06-18,198,87,9,4,32
Mongbwalu,2026-06-19,209,89,11,2,32
Mongbwalu,2026-06-20,220,91,11,2,32
Mongbwalu,2026-06-21,229,96,9,5,32
Mongbwalu,2026-06-22,237,100,8,4,32
Mongbwalu,2026-06-23,241,103,4,3,32
Mongbwalu,2026-06-24,245,105,4,2,32
Mongbwalu,2026-06-25,250,109,5,4,32
Mongbwalu,2026-06-26,250,109,0,0,32
Mongbwalu,2026-06-27,250,109,0,0,32
Mongbwalu,2026-06-28,250,109,0,0,32
Mongbwalu,2026-06-29,258,123,8,14,32
Mongbwalu,2026-06-30,264,126,6,3,32
Mongbwalu,2026-07-01,270,127,6,1,32
Mongbwalu,2026-07-02,273,136,3,9,32
Mongbwalu,2026-07-03,276,139,3,3,32
Musienene,2026-05-14,0,0,0,0,33
Musienene,2026-05-15,0,0,0,0,33
Musienene,2026-05-16,0,0,0,0,33
Musienene,2026-05-17,0,0,0,0,33
Musienene,2026-05-18,0,0,0,0,33
Musienene,2026-05-19,0,0,0,0,33
Musienene,2026-05-20,0,0,0,0,33
Musienene,2026-05-21,0,0,0,0,33
Musienene,2026-05-22,0,0,0,0,33
Musienene,2026-05-23,0,0,0,0,33
Musienene,2026-05-24,0,0,0,0,33
Musienene,2026-05-25,0,0,0,0,33
Musienene,2026-05-26,0,0,0,0,33
Musienene,2026-05-27,0,0,0,0,33
Musienene,2026-05-28,0,0,0,0,33
Musienene,2026-05-29,0,0,0,0,33
Musienene,2026-05-30,0,0,0,0,33
Musienene,2026-05-31,0,0,0,0,33
Musienene,2026-06-01,0,0,0,0,33
Musienene,2026-06-02,0,0,0,0,33
Musienene,2026-06-03,0,0,0,0,33
Musienene,2026-06-04,0,0,0,0,33
Musienene,2026-06-05,0,0,0,0,33
Musienene,2026-06-06,0,0,0,0,33
Musienene,2026-06-07,0,0,0,0,33
Musienene,2026-06-08,0,0,0,0,33
Musienene,2026-06-09,0,0,0,0,33
Musienene,2026-06-10,0,0,0,0,33
Musienene,2026-06-11,0,0,0,0,33
Musienene,2026-06-12,0,0,0,0,33
Musienene,2026-06-13,0,0,0,0,33
Musienene,2026-06-14,0,0,0,0,33
Musienene,2026-06-15,0,0,0,0,33
Musienene,2026-06-16,1,0,1,0,33
Musienene,2026-06-17,1,1,0,1,33
Musienene,2026-06-18,1,1,0,0,33
Musienene,2026-06-19,1,1,0,0,33
Musienene,2026-06-20,1,1,0,0,33
Musienene,2026-06-21,2,1,1,0,33
Musienene,2026-06-22,2,1,0,0,33
Musienene,2026-06-23,2,2,0,1,33
Musienene,2026-06-24,2,2,0,0,33
Musienene,2026-06-25,2,2,0,0,33
Musienene,2026-06-26,2,2,0,0,33
Musienene,2026-06-27,2,2,0,0,33
Musienene,2026-06-28,2,2,0,0,33
Musienene,2026-06-29,3,2,1,0,33
Musienene,2026-06-30,3,2,0,0,33
Musienene,2026-07-01,3,2,0,0,33
Musienene,2026-07-02,3,2,0,0,33
Musienene,2026-07-03,4,2,1,0,33
NA,2026-05-14,0,0,0,0,34
NA,2026-05-15,0,0,0,0,34
NA,2026-05-16,0,0,0,0,34
NA,2026-05-17,0,0,0,0,34
NA,2026-05-18,0,0,0,0,34
NA,2026-05-19,0,0,0,0,34
NA,2026-05-20,0,0,0,0,34
NA,2026-05-21,0,0,0,0,34
NA,2026-05-22,0,0,0,0,34
NA,2026-05-23,0,0,0,0,34
NA,2026-05-24,0,0,0,0,34
NA,2026-05-25,0,0,0,0,34
NA,2026-05-26,0,0,0,0,34
NA,2026-05-27,0,0,0,0,34
NA,2026-05-28,0,0,0,0,34
NA,2026-05-29,0,0,0,0,34
NA,2026-05-30,0,0,0,0,34
NA,2026-05-31,0,0,0,0,34
NA,2026-06-01,94,10,17,0,34
NA,2026-06-02,94,10,0,0,34
NA,2026-06-03,97,1,0,0,34
NA,2026-06-04,94,10,0,0,34
NA,2026-06-05,94,10,0,0,34
NA,2026-06-06,94,10,0,0,34
NA,2026-06-07,94,10,0,0,34
NA,2026-06-08,94,10,0,0,34
NA,2026-06-09,94,10,0,0,34
NA,2026-06-10,94,10,0,0,34
NA,2026-06-11,94,10,0,0,34
NA,2026-06-12,94,10,0,0,34
NA,2026-06-13,94,10,0,0,34
NA,2026-06-14,94,10,0,0,34
NA,2026-06-15,94,10,0,0,34
NA,2026-06-16,94,10,0,0,34
NA,2026-06-17,17,0,0,0,34
NA,2026-06-18,17,0,0,0,34
NA,2026-06-19,17,0,0,0,34
NA,2026-06-20,17,0,0,0,34
NA,2026-06-21,17,0,0,0,34
NA,2026-06-22,17,0,0,0,34
NA,2026-06-23,17,0,0,0,34
NA,2026-06-24,17,0,0,0,34
NA,2026-06-25,17,0,0,0,34
NA,2026-06-26,17,0,0,0,34
NA,2026-06-27,17,0,0,0,34
NA,2026-06-28,17,0,0,0,34
NA,2026-06-29,17,0,0,0,34
NA,2026-06-30,17,0,0,0,34
NA,2026-07-01,17,0,0,0,34
NA,2026-07-02,17,0,0,0,34
NA,2026-07-03,17,0,0,0,34
Nia-Nia,2026-05-14,0,0,0,0,35
Nia-Nia,2026-05-15,0,0,0,0,35
Nia-Nia,2026-05-16,0,0,0,0,35
Nia-Nia,2026-05-17,0,0,0,0,35
Nia-Nia,2026-05-18,0,0,0,0,35
Nia-Nia,2026-05-19,0,0,0,0,35
Nia-Nia,2026-05-20,0,0,0,0,35
Nia-Nia,2026-05-21,0,0,0,0,35
Nia-Nia,2026-05-22,0,0,0,0,35
Nia-Nia,2026-05-23,0,0,0,0,35
Nia-Nia,2026-05-24,0,0,0,0,35
Nia-Nia,2026-05-25,0,0,0,0,35
Nia-Nia,2026-05-26,0,0,0,0,35
Nia-Nia,2026-05-27,0,0,0,0,35
Nia-Nia,2026-05-28,0,0,0,0,35
Nia-Nia,2026-05-29,0,0,0,0,35
Nia-Nia,2026-05-30,0,0,0,0,35
Nia-Nia,2026-05-31,0,0,0,0,35
Nia-Nia,2026-06-01,0,0,0,0,35
Nia-Nia,2026-06-02,0,0,0,0,35
Nia-Nia,2026-06-03,0,0,0,0,35
Nia-Nia,2026-06-04,0,0,0,0,35
Nia-Nia,2026-06-05,0,0,0,0,35
Nia-Nia,2026-06-06,0,0,0,0,35
Nia-Nia,2026-06-07,0,0,0,0,35
Nia-Nia,2026-06-08,0,0,0,0,35
Nia-Nia,2026-06-09,0,0,0,0,35
Nia-Nia,2026-06-10,0,0,0,0,35
Nia-Nia,2026-06-11,0,0,0,0,35
Nia-Nia,2026-06-12,0,0,0,0,35
Nia-Nia,2026-06-13,1,1,1,1,35
Nia-Nia,2026-06-14,1,1,0,0,35
Nia-Nia,2026-06-15,1,1,0,0,35
Nia-Nia,2026-06-16,1,1,0,0,35
Nia-Nia,2026-06-17,1,1,0,0,35
Nia-Nia,2026-06-18,1,1,0,0,35
Nia-Nia,2026-06-19,1,1,0,0,35
Nia-Nia,2026-06-20,1,1,0,0,35
Nia-Nia,2026-06-21,2,2,1,1,35
Nia-Nia,2026-06-22,2,2,0,0,35
Nia-Nia,2026-06-23,5,3,3,1,35
Nia-Nia,2026-06-24,5,3,0,0,35
Nia-Nia,2026-06-25,5,3,0,0,35
Nia-Nia,2026-06-26,5,3,0,0,35
Nia-Nia,2026-06-27,5,3,0,0,35
Nia-Nia,2026-06-28,5,3,0,0,35
Nia-Nia,2026-06-29,11,5,6,2,35
Nia-Nia,2026-06-30,12,5,1,0,35
Nia-Nia,2026-07-01,12,5,0,0,35
Nia-Nia,2026-07-02,12,5,0,0,35
Nia-Nia,2026-07-03,12,5,0,0,35
Nizi,2026-05-14,0,0,0,0,36
Nizi,2026-05-15,0,0,0,0,36
Nizi,2026-05-16,0,0,0,0,36
Nizi,2026-05-17,0,0,0,0,36
Nizi,2026-05-18,0,0,0,0,36
Nizi,2026-05-19,0,0,0,0,36
Nizi,2026-05-20,0,0,0,0,36
Nizi,2026-05-21,1,0,1,0,36
Nizi,2026-05-22,2,0,1,0,36
Nizi,2026-05-23,2,0,0,0,36
Nizi,2026-05-24,2,0,0,0,36
Nizi,2026-05-25,2,0,0,0,36
Nizi,2026-05-26,2,0,0,0,36
Nizi,2026-05-27,2,0,0,0,36
Nizi,2026-05-28,2,0,0,0,36
Nizi,2026-05-29,2,0,0,0,36
Nizi,2026-05-30,2,0,0,0,36
Nizi,2026-05-31,2,0,0,0,36
Nizi,2026-06-01,2,0,0,0,36
Nizi,2026-06-02,2,0,0,0,36
Nizi,2026-06-03,2,0,0,0,36
Nizi,2026-06-04,5,0,3,0,36
Nizi,2026-06-05,5,0,0,0,36
Nizi,2026-06-06,5,0,0,0,36
Nizi,2026-06-07,5,0,0,0,36
Nizi,2026-06-08,5,0,0,0,36
Nizi,2026-06-09,5,0,0,0,36
Nizi,2026-06-10,7,0,2,0,36
Nizi,2026-06-11,9,1,2,1,36
Nizi,2026-06-12,9,1,0,0,36
Nizi,2026-06-13,11,1,2,0,36
Nizi,2026-06-14,11,1,0,0,36
Nizi,2026-06-15,16,1,5,0,36
Nizi,2026-06-16,16,1,0,0,36
Nizi,2026-06-17,25,5,9,4,36
Nizi,2026-06-18,26,5,1,0,36
Nizi,2026-06-19,26,5,0,0,36
Nizi,2026-06-20,26,5,0,0,36
Nizi,2026-06-21,26,5,0,0,36
Nizi,2026-06-22,30,6,4,1,36
Nizi,2026-06-23,30,6,0,0,36
Nizi,2026-06-24,30,6,0,0,36
Nizi,2026-06-25,32,6,2,0,36
Nizi,2026-06-26,32,6,0,0,36
Nizi,2026-06-27,32,6,0,0,36
Nizi,2026-06-28,32,6,0,0,36
Nizi,2026-06-29,41,9,9,3,36
Nizi,2026-06-30,61,19,20,10,36
Nizi,2026-07-01,65,19,4,0,36
Nizi,2026-07-02,65,19,0,0,36
Nizi,2026-07-03,65,19,0,0,36
Nyakunde,2026-05-14,0,0,0,0,37
Nyakunde,2026-05-15,0,0,0,0,37
Nyakunde,2026-05-16,0,0,0,0,37
Nyakunde,2026-05-17,0,0,0,0,37
Nyakunde,2026-05-18,4,0,4,0,37
Nyakunde,2026-05-19,4,0,0,0,37
Nyakunde,2026-05-20,5,0,1,0,37
Nyakunde,2026-05-21,11,0,4,0,37
Nyakunde,2026-05-22,9,0,0,0,37
Nyakunde,2026-05-23,9,0,0,0,37
Nyakunde,2026-05-24,9,0,0,0,37
Nyakunde,2026-05-25,9,0,0,0,37
Nyakunde,2026-05-26,10,0,1,0,37
Nyakunde,2026-05-27,10,0,0,0,37
Nyakunde,2026-05-28,10,0,0,0,37
Nyakunde,2026-05-29,10,0,0,0,37
Nyakunde,2026-05-30,10,0,0,0,37
Nyakunde,2026-05-31,10,0,0,0,37
Nyakunde,2026-06-01,10,0,0,0,37
Nyakunde,2026-06-02,10,0,0,0,37
Nyakunde,2026-06-03,10,0,0,0,37
Nyakunde,2026-06-04,10,0,0,0,37
Nyakunde,2026-06-05,10,0,0,0,37
Nyakunde,2026-06-06,10,0,0,0,37
Nyakunde,2026-06-07,10,0,0,0,37
Nyakunde,2026-06-08,10,0,0,0,37
Nyakunde,2026-06-09,10,0,0,0,37
Nyakunde,2026-06-10,10,0,0,0,37
Nyakunde,2026-06-11,10,0,0,0,37
Nyakunde,2026-06-12,10,0,0,0,37
Nyakunde,2026-06-13,10,0,0,0,37
Nyakunde,2026-06-14,10,0,0,0,37
Nyakunde,2026-06-15,10,0,0,0,37
Nyakunde,2026-06-16,10,0,0,0,37
Nyakunde,2026-06-17,10,0,0,0,37
Nyakunde,2026-06-18,10,0,0,0,37
Nyakunde,2026-06-19,10,0,0,0,37
Nyakunde,2026-06-20,10,0,0,0,37
Nyakunde,2026-06-21,10,0,0,0,37
Nyakunde,2026-06-22,10,0,0,0,37
Nyakunde,2026-06-23,10,0,0,0,37
Nyakunde,2026-06-24,10,0,0,0,37
Nyakunde,2026-06-25,10,0,0,0,37
Nyakunde,2026-06-26,10,0,0,0,37
Nyakunde,2026-06-27,10,0,0,0,37
Nyakunde,2026-06-28,10,0,0,0,37
Nyakunde,2026-06-29,10,0,0,0,37
Nyakunde,2026-06-30,10,0,0,0,37
Nyakunde,2026-07-01,10,0,0,0,37
Nyakunde,2026-07-02,10,0,0,0,37
Nyakunde,2026-07-03,10,0,0,0,37
Nyankunde,2026-05-14,0,0,0,0,38
Nyankunde,2026-05-15,0,0,0,0,38
Nyankunde,2026-05-16,0,0,0,0,38
Nyankunde,2026-05-17,0,0,0,0,38
Nyankunde,2026-05-18,0,0,0,0,38
Nyankunde,2026-05-19,0,0,0,0,38
Nyankunde,2026-05-20,0,0,0,0,38
Nyankunde,2026-05-21,0,0,0,0,38
Nyankunde,2026-05-22,0,0,0,0,38
Nyankunde,2026-05-23,0,0,0,0,38
Nyankunde,2026-05-24,0,0,0,0,38
Nyankunde,2026-05-25,0,0,0,0,38
Nyankunde,2026-05-26,0,0,0,0,38
Nyankunde,2026-05-27,0,0,0,0,38
Nyankunde,2026-05-28,19,1,19,1,38
Nyankunde,2026-05-29,19,1,0,0,38
Nyankunde,2026-05-30,19,1,0,0,38
Nyankunde,2026-05-31,19,1,0,0,38
Nyankunde,2026-06-01,19,1,0,0,38
Nyankunde,2026-06-02,22,1,3,0,38
Nyankunde,2026-06-03,22,1,0,0,38
Nyankunde,2026-06-04,22,1,0,0,38
Nyankunde,2026-06-05,24,1,2,0,38
Nyankunde,2026-06-06,24,1,0,0,38
Nyankunde,2026-06-07,26,1,2,0,38
Nyankunde,2026-06-08,32,1,6,0,38
Nyankunde,2026-06-09,32,1,0,0,38
Nyankunde,2026-06-10,33,1,1,0,38
Nyankunde,2026-06-11,33,1,0,0,38
Nyankunde,2026-06-12,33,1,0,0,38
Nyankunde,2026-06-13,38,4,5,3,38
Nyankunde,2026-06-14,42,4,4,0,38
Nyankunde,2026-06-15,45,4,3,0,38
Nyankunde,2026-06-16,45,4,0,0,38
Nyankunde,2026-06-17,68,6,23,2,38
Nyankunde,2026-06-18,77,7,9,1,38
Nyankunde,2026-06-19,79,7,2,0,38
Nyankunde,2026-06-20,79,7,0,0,38
Nyankunde,2026-06-21,86,9,7,2,38
Nyankunde,2026-06-22,86,9,0,0,38
Nyankunde,2026-06-23,86,9,0,0,38
Nyankunde,2026-06-24,91,10,5,1,38
Nyankunde,2026-06-25,93,11,2,1,38
Nyankunde,2026-06-26,93,11,0,0,38
Nyankunde,2026-06-27,93,11,0,0,38
Nyankunde,2026-06-28,93,11,0,0,38
Nyankunde,2026-06-29,94,15,1,4,38
Nyankunde,2026-06-30,95,16,1,1,38
Nyankunde,2026-07-01,95,16,0,0,38
Nyankunde,2026-07-02,95,16,0,0,38
Nyankunde,2026-07-03,95,17,0,1,38
Oicha,2026-05-14,0,0,0,0,39
Oicha,2026-05-15,0,0,0,0,39
Oicha,2026-05-16,0,0,0,0,39
Oicha,2026-05-17,0,0,0,0,39
Oicha,2026-05-18,0,0,0,0,39
Oicha,2026-05-19,0,0,0,0,39
Oicha,2026-05-20,0,0,0,0,39
Oicha,2026-05-21,0,0,0,0,39
Oicha,2026-05-22,0,0,0,0,39
Oicha,2026-05-23,0,0,0,0,39
Oicha,2026-05-24,1,0,1,0,39
Oicha,2026-05-25,1,0,0,0,39
Oicha,2026-05-26,1,0,0,0,39
Oicha,2026-05-27,2,0,0,0,39
Oicha,2026-05-28,1,0,0,0,39
Oicha,2026-05-29,1,0,0,0,39
Oicha,2026-05-30,1,0,0,0,39
Oicha,2026-05-31,1,0,0,0,39
Oicha,2026-06-01,2,2,1,2,39
Oicha,2026-06-02,2,2,0,0,39
Oicha,2026-06-03,2,2,0,0,39
Oicha,2026-06-04,2,2,0,0,39
Oicha,2026-06-05,2,2,0,0,39
Oicha,2026-06-06,2,2,0,0,39
Oicha,2026-06-07,2,2,0,0,39
Oicha,2026-06-08,2,2,0,0,39
Oicha,2026-06-09,2,2,0,0,39
Oicha,2026-06-10,2,2,0,0,39
Oicha,2026-06-11,2,2,0,0,39
Oicha,2026-06-12,2,2,0,0,39
Oicha,2026-06-13,2,2,0,0,39
Oicha,2026-06-14,2,2,0,0,39
Oicha,2026-06-15,2,2,0,0,39
Oicha,2026-06-16,3,2,1,0,39
Oicha,2026-06-17,3,2,0,0,39
Oicha,2026-06-18,3,2,0,0,39
Oicha,2026-06-19,3,2,0,0,39
Oicha,2026-06-20,3,2,0,0,39
Oicha,2026-06-21,3,2,0,0,39
Oicha,2026-06-22,3,2,0,0,39
Oicha,2026-06-23,3,2,0,0,39
Oicha,2026-06-24,3,2,0,0,39
Oicha,2026-06-25,3,2,0,0,39
Oicha,2026-06-26,3,2,0,0,39
Oicha,2026-06-27,3,2,0,0,39
Oicha,2026-06-28,3,2,0,0,39
Oicha,2026-06-29,3,2,0,0,39
Oicha,2026-06-30,3,2,0,0,39
Oicha,2026-07-01,3,2,0,0,39
Oicha,2026-07-02,3,2,0,0,39
Oicha,2026-07-03,3,2,0,0,39
Rimba,2026-05-14,0,0,0,0,40
Rimba,2026-05-15,0,0,0,0,40
Rimba,2026-05-16,0,0,0,0,40
Rimba,2026-05-17,0,0,0,0,40
Rimba,2026-05-18,0,0,0,0,40
Rimba,2026-05-19,0,0,0,0,40
Rimba,2026-05-20,0,0,0,0,40
Rimba,2026-05-21,0,0,0,0,40
Rimba,2026-05-22,0,0,0,0,40
Rimba,2026-05-23,0,0,0,0,40
Rimba,2026-05-24,0,0,0,0,40
Rimba,2026-05-25,0,0,0,0,40
Rimba,2026-05-26,0,0,0,0,40
Rimba,2026-05-27,0,0,0,0,40
Rimba,2026-05-28,0,0,0,0,40
Rimba,2026-05-29,0,0,0,0,40
Rimba,2026-05-30,0,0,0,0,40
Rimba,2026-05-31,0,0,0,0,40
Rimba,2026-06-01,0,0,0,0,40
Rimba,2026-06-02,3,0,3,0,40
Rimba,2026-06-03,3,0,0,0,40
Rimba,2026-06-04,3,0,0,0,40
Rimba,2026-06-05,3,0,0,0,40
Rimba,2026-06-06,3,0,0,0,40
Rimba,2026-06-07,3,0,0,0,40
Rimba,2026-06-08,3,0,0,0,40
Rimba,2026-06-09,3,0,0,0,40
Rimba,2026-06-10,3,0,0,0,40
Rimba,2026-06-11,3,0,0,0,40
Rimba,2026-06-12,3,0,0,0,40
Rimba,2026-06-13,3,0,0,0,40
Rimba,2026-06-14,3,0,0,0,40
Rimba,2026-06-15,3,0,0,0,40
Rimba,2026-06-16,3,0,0,0,40
Rimba,2026-06-17,3,0,0,0,40
Rimba,2026-06-18,3,0,0,0,40
Rimba,2026-06-19,3,0,0,0,40
Rimba,2026-06-20,3,0,0,0,40
Rimba,2026-06-21,3,0,0,0,40
Rimba,2026-06-22,3,0,0,0,40
Rimba,2026-06-23,3,0,0,0,40
Rimba,2026-06-24,3,0,0,0,40
Rimba,2026-06-25,3,0,0,0,40
Rimba,2026-06-26,3,0,0,0,40
Rimba,2026-06-27,3,0,0,0,40
Rimba,2026-06-28,3,0,0,0,40
Rimba,2026-06-29,3,0,0,0,40
Rimba,2026-06-30,3,0,0,0,40
Rimba,2026-07-01,3,0,0,0,40
Rimba,2026-07-02,3,0,0,0,40
Rimba,2026-07-03,3,0,0,0,40
Rwampara,2026-05-14,0,0,0,0,41
Rwampara,2026-05-15,13,0,13,0,41
Rwampara,2026-05-16,13,0,0,0,41
Rwampara,2026-05-17,13,0,0,0,41
Rwampara,2026-05-18,19,0,6,0,41
Rwampara,2026-05-19,25,0,5,0,41
Rwampara,2026-05-20,24,0,0,0,41
Rwampara,2026-05-21,31,1,7,1,41
Rwampara,2026-05-22,32,2,1,1,41
Rwampara,2026-05-23,32,2,0,0,41
Rwampara,2026-05-24,32,2,0,0,41
Rwampara,2026-05-25,32,2,0,0,41
Rwampara,2026-05-26,33,2,1,0,41
Rwampara,2026-05-27,33,2,0,0,41
Rwampara,2026-05-28,65,13,32,11,41
Rwampara,2026-05-29,65,13,0,0,41
Rwampara,2026-05-30,65,13,0,0,41
Rwampara,2026-05-31,65,13,0,0,41
Rwampara,2026-06-01,65,13,0,0,41
Rwampara,2026-06-02,72,15,7,2,41
Rwampara,2026-06-03,76,16,4,1,41
Rwampara,2026-06-04,86,18,10,2,41
Rwampara,2026-06-05,93,19,7,1,41
Rwampara,2026-06-06,98,19,5,0,41
Rwampara,2026-06-07,111,20,13,1,41
Rwampara,2026-06-08,122,20,11,0,41
Rwampara,2026-06-09,133,25,11,5,41
Rwampara,2026-06-10,137,25,4,0,41
Rwampara,2026-06-11,142,26,5,1,41
Rwampara,2026-06-12,142,26,0,0,41
Rwampara,2026-06-13,149,27,7,1,41
Rwampara,2026-06-14,152,27,3,0,41
Rwampara,2026-06-15,192,27,20,0,41
Rwampara,2026-06-16,172,27,0,0,41
Rwampara,2026-06-17,195,33,23,6,41
Rwampara,2026-06-18,199,35,4,2,41
Rwampara,2026-06-19,201,35,2,0,41
Rwampara,2026-06-20,211,35,10,0,41
Rwampara,2026-06-21,215,36,4,1,41
Rwampara,2026-06-22,225,37,10,1,41
Rwampara,2026-06-23,225,37,0,0,41
Rwampara,2026-06-24,237,40,12,3,41
Rwampara,2026-06-25,258,43,21,3,41
Rwampara,2026-06-26,258,43,0,0,41
Rwampara,2026-06-27,258,43,0,0,41
Rwampara,2026-06-28,258,43,0,0,41
Rwampara,2026-06-29,295,60,37,17,41
Rwampara,2026-06-30,301,61,6,1,41
Rwampara,2026-07-01,308,63,7,2,41
Rwampara,2026-07-02,322,67,14,4,41
Rwampara,2026-07-03,333,69,11,2,41
Tchomia,2026-05-14,0,0,0,0,42
Tchomia,2026-05-15,0,0,0,0,42
Tchomia,2026-05-16,0,0,0,0,42
Tchomia,2026-05-17,0,0,0,0,42
Tchomia,2026-05-18,0,0,0,0,42
Tchomia,2026-05-19,0,0,0,0,42
Tchomia,2026-05-20,0,0,0,0,42
Tchomia,2026-05-21,0,0,0,0,42
Tchomia,2026-05-22,0,0,0,0,42
Tchomia,2026-05-23,0,0,0,0,42
Tchomia,2026-05-24,0,0,0,0,42
Tchomia,2026-05-25,0,0,0,0,42
Tchomia,2026-05-26,0,0,0,0,42
Tchomia,2026-05-27,0,0,0,0,42
Tchomia,2026-05-28,0,0,0,0,42
Tchomia,2026-05-29,0,0,0,0,42
Tchomia,2026-05-30,0,0,0,0,42
Tchomia,2026-05-31,0,0,0,0,42
Tchomia,2026-06-01,0,0,0,0,42
Tchomia,2026-06-02,0,0,0,0,42
Tchomia,2026-06-03,0,0,0,0,42
Tchomia,2026-06-04,0,0,0,0,42
Tchomia,2026-06-05,0,0,0,0,42
Tchomia,2026-06-06,0,0,0,0,42
Tchomia,2026-06-07,0,0,0,0,42
Tchomia,2026-06-08,0,0,0,0,42
Tchomia,2026-06-09,2,0,2,0,42
Tchomia,2026-06-10,2,0,0,0,42
Tchomia,2026-06-11,2,0,0,0,42
Tchomia,2026-06-12,2,0,0,0,42
Tchomia,2026-06-13,2,0,0,0,42
Tchomia,2026-06-14,2,0,0,0,42
Tchomia,2026-06-15,2,0,0,0,42
Tchomia,2026-06-16,5,0,3,0,42
Tchomia,2026-06-17,5,0,0,0,42
Tchomia,2026-06-18,5,0,0,0,42
Tchomia,2026-06-19,5,0,0,0,42
Tchomia,2026-06-20,5,0,0,0,42
Tchomia,2026-06-21,7,0,2,0,42
Tchomia,2026-06-22,8,0,1,0,42
Tchomia,2026-06-23,8,0,0,0,42
Tchomia,2026-06-24,9,0,1,0,42
Tchomia,2026-06-25,10,0,1,0,42
Tchomia,2026-06-26,10,0,0,0,42
Tchomia,2026-06-27,10,0,0,0,42
Tchomia,2026-06-28,10,0,0,0,42
Tchomia,2026-06-29,13,2,3,2,42
Tchomia,2026-06-30,14,2,1,0,42
Tchomia,2026-07-01,14,2,0,0,42
Tchomia,2026-07-02,15,2,1,0,42
Tchomia,2026-07-03,15,2,0,0,42
Vuhovi,2026-05-14,0,0,0,0,43
Vuhovi,2026-05-15,0,0,0,0,43
Vuhovi,2026-05-16,0,0,0,0,43
Vuhovi,2026-05-17,0,0,0,0,43
Vuhovi,2026-05-18,0,0,0,0,43
Vuhovi,2026-05-19,0,0,0,0,43
Vuhovi,2026-05-20,0,0,0,0,43
Vuhovi,2026-05-21,0,0,0,0,43
Vuhovi,2026-05-22,0,0,0,0,43
Vuhovi,2026-05-23,0,0,0,0,43
Vuhovi,2026-05-24,0,0,0,0,43
Vuhovi,2026-05-25,0,0,0,0,43
Vuhovi,2026-05-26,0,0,0,0,43
Vuhovi,2026-05-27,0,0,0,0,43
Vuhovi,2026-05-28,0,0,0,0,43
Vuhovi,2026-05-29,0,0,0,0,43
Vuhovi,2026-05-30,0,0,0,0,43
Vuhovi,2026-05-31,0,0,0,0,43
Vuhovi,2026-06-01,0,0,0,0,43
Vuhovi,2026-06-02,0,0,0,0,43
Vuhovi,2026-06-03,0,0,0,0,43
Vuhovi,2026-06-04,0,0,0,0,43
Vuhovi,2026-06-05,0,0,0,0,43
Vuhovi,2026-06-06,0,0,0,0,43
Vuhovi,2026-06-07,0,0,0,0,43
Vuhovi,2026-06-08,0,0,0,0,43
Vuhovi,2026-06-09,0,0,0,0,43
Vuhovi,2026-06-10,1,1,1,1,43
Vuhovi,2026-06-11,1,1,0,0,43
Vuhovi,2026-06-12,1,1,0,0,43
Vuhovi,2026-06-13,1,1,0,0,43
Vuhovi,2026-06-14,1,1,0,0,43
Vuhovi,2026-06-15,1,1,0,0,43
Vuhovi,2026-06-16,1,1,0,0,43
Vuhovi,2026-06-17,1,1,0,0,43
Vuhovi,2026-06-18,1,1,0,0,43
Vuhovi,2026-06-19,1,1,0,0,43
Vuhovi,2026-06-20,1,1,0,0,43
Vuhovi,2026-06-21,1,1,0,0,43
Vuhovi,2026-06-22,1,1,0,0,43
Vuhovi,2026-06-23,1,1,0,0,43
Vuhovi,2026-06-24,1,1,0,0,43
Vuhovi,2026-06-25,1,1,0,0,43
Vuhovi,2026-06-26,1,1,0,0,43
Vuhovi,2026-06-27,1,1,0,0,43
Vuhovi,2026-06-28,1,1,0,0,43
Vuhovi,2026-06-29,1,1,0,0,43
Vuhovi,2026-06-30,1,1,0,0,43
Vuhovi,2026-07-01,1,1,0,0,43
Vuhovi,2026-07-02,1,1,0,0,43
Vuhovi,2026-07-03,1,1,0,0,43
